Date,Open,High,Low,Close,Volume,TB_Label,BIAS_5,BIAS_10,BIAS_20,BIAS_60,RSI_14,MACD_DIF,MACD_SIGNAL,MACD_HIST
2019-10-01,10855.599609375,10967.650390625,10855.599609375,10967.650390625,2028800.0,1.0,,,,,,,,
2019-10-02,10945.919921875,10965.2001953125,10927.3896484375,10947.8798828125,1628000.0,1.0,,,,,,,,
2019-10-03,10866.5,10888.400390625,10809.2802734375,10875.91015625,1753500.0,1.0,,,,,,,,
2019-10-04,10907.6904296875,10941.490234375,10854.1201171875,10894.48046875,1759200.0,1.0,,,,,,,,
2019-10-07,10932.240234375,10954.4501953125,10919.4296875,10935.0595703125,1617600.0,1.0,0.0994441739169627,,,,,,,
2019-10-08,10986.009765625,11020.509765625,10986.009765625,11017.3095703125,1872400.0,1.0,0.7607523998246934,,,,,,,
2019-10-09,10976.9296875,10989.3896484375,10889.9599609375,10889.9599609375,1941600.0,1.0,-0.29831863838811756,,,,,,,
2019-10-14,11004.740234375,11085.490234375,11004.740234375,11066.9501953125,2395500.0,1.0,0.9688955889310291,,,,,,,
2019-10-15,11103.5,11126.4501953125,11091.2900390625,11111.7998046875,2031800.0,1.0,0.9776615265616018,,,,,,,
2019-10-16,11166.169921875,11180.1103515625,11113.1796875,11162.830078125,2346500.0,1.0,1.023190139246033,1.6005037068634875,,,,,,
2019-10-17,11156.1396484375,11186.8798828125,11131.4501953125,11186.8798828125,2151300.0,1.0,0.9310613563412451,1.6166358989339935,,,,,,
2019-10-18,11190.2099609375,11237.3798828125,11154.8603515625,11180.2197265625,2561700.0,1.0,0.3454020924421153,1.3422580382657312,,,,,,
2019-10-21,11166.240234375,11188.1298828125,11147.8603515625,11184.150390625,1760000.0,1.0,0.16994281238675857,1.0954245730742773,,,,,,
2019-10-22,11221.1904296875,11271.25,11218.25,11271.25,2112800.0,0.0,0.6625305617693034,1.53693001414974,,,,,,
2019-10-23,11266.1796875,11281.1201171875,11209.099609375,11239.669921875,2304700.0,0.0,0.24290834209552692,0.9753568802729262,,,67.28909081880927,,,
2019-10-24,11266.83984375,11320.1396484375,11254.58984375,11320.1396484375,2106800.0,0.0,0.7211770724793398,1.4223565270404137,,,70.53492832465184,,,
2019-10-25,11336.6396484375,11347.1796875,11281.3701171875,11296.1201171875,1966200.0,0.0,0.30059760189939944,0.8401993610063219,,,68.35461608442169,,,
2019-10-28,11321.990234375,11341.0302734375,11295.4404296875,11315.01953125,1737800.0,0.0,0.2354593537096772,0.7857230817492677,,,69.16234259726212,,,
2019-10-29,11347.3896484375,11373.9501953125,11292.830078125,11333.8701171875,2228000.0,0.0,0.2911809150681677,0.7543342792523777,,,69.98524802335089,,,
2019-10-30,11336.9697265625,11380.2802734375,11306.9501953125,11380.2802734375,1993100.0,0.0,0.45188408155723003,0.9717207435840924,2.2590681311710714,,71.96854200444967,,,
2019-10-31,11393.6796875,11428.419921875,11358.7099609375,11358.7099609375,2507400.0,0.0,0.19326406867459234,0.626925493718522,1.8862351244953501,,69.66449200526522,,,
2019-11-01,11373.7001953125,11399.5302734375,11335.509765625,11399.5302734375,1920500.0,0.0,0.370225038188976,0.7927254522393845,2.045682107040281,,71.52253232442797,,,
2019-11-04,11451.7197265625,11559.0703125,11451.7197265625,11556.849609375,2378900.0,0.0,1.3238959687997154,1.8480920403687096,3.139615888573588,,77.29451594138172,,,
2019-11-05,11576.1796875,11644.0302734375,11576.1796875,11644.0302734375,2333100.0,2.0,1.536031019791606,2.280381923691799,3.5712493229663522,,79.74463177268002,,,
2019-11-06,11645.080078125,11668.2001953125,11601.7001953125,11653.0703125,2666600.0,2.0,1.1337203601200496,1.9894366830685906,3.3217235397794864,,79.98580483589531,,,
2019-11-07,11642.91015625,11647.4697265625,11552.080078125,11606.5595703125,2358500.0,0.0,0.29857879874153337,1.3283586501258604,2.6412086560844816,,75.0355947356793,,,
2019-11-08,11620.8896484375,11642.41015625,11561.3095703125,11579.5400390625,2109500.0,0.0,-0.24526100486478297,0.8429520517276634,2.0909781627298063,,72.23861482789891,,,
2019-11-11,11570.330078125,11570.330078125,11409.830078125,11427.2802734375,2387200.0,0.0,-1.3366822297048886,-0.580232807832004,0.588802701849378,,58.9120508367652,,,
2019-11-12,11463.330078125,11520.3701171875,11459.6796875,11520.3701171875,2003100.0,0.0,-0.32008981557078986,0.06730045360370251,1.2262001301248882,,63.36224958099971,,,
2019-11-13,11483.240234375,11509.3701171875,11439.08984375,11467.830078125,1957000.0,0.0,-0.455594598523279,-0.4647619153529847,0.6297046409358353,,59.44862190079158,,,
2019-11-14,11488.740234375,11498.25,11424.76953125,11450.419921875,2312000.0,0.0,-0.33656425795732803,-0.6949203513506474,0.36088638844966603,,58.16653034803976,,,
2019-11-15,11485.4599609375,11552.25,11485.4599609375,11525.599609375,2446300.0,1.0,0.4120785253478365,-0.1520846867555159,0.8671507606710538,,61.97961373427256,,,
2019-11-18,11543.7998046875,11599.7802734375,11532.9697265625,11599.7802734375,1943800.0,0.0,0.7555092891173398,0.4531930029047615,1.3320549883202526,,65.33694458973399,,,
2019-11-19,11608.48046875,11656.400390625,11576.7900390625,11656.400390625,1908800.0,0.0,1.0086159000776362,0.9327064638505744,1.655657689481882,,67.68267326377874,147.37599545204466,167.98016910014383,-20.604173648099163
2019-11-20,11645.73046875,11649.0703125,11591.73046875,11631.2001953125,1896800.0,1.0,0.5056747165949504,0.7335743538312345,1.2630029927016784,,65.55628248869205,145.7972638171159,163.54358804353825,-17.74632422642236
2019-11-21,11573.83984375,11573.83984375,11478.4296875,11558.26953125,1861200.0,1.0,-0.31033028225198045,0.1438309157839157,0.5238547267589766,,59.70970823861522,137.08102778115062,158.25107599106073,-21.170048209910107
2019-11-22,11556.75,11577.01953125,11534.150390625,11566.7998046875,1840600.0,1.0,-0.30760840349650653,0.22880313118884832,0.47977204185578604,,60.15729113009719,129.37036862227797,152.47493451730418,-23.104565895026212
2019-11-25,11590.8095703125,11604.75,11559.330078125,11561.580078125,2150400.0,1.0,-0.28693706149712783,0.06712130506563163,0.32698607032850546,,59.72010826168581,121.43855925780736,146.26765946540482,-24.829100207597463
2019-11-26,11608.3701171875,11642.9599609375,11576.8203125,11576.8203125,3254400.0,1.0,-0.01825446002069464,0.15009592082884105,0.3534509780851014,,60.61997748751583,115.05600868868896,140.02532931006164,-24.969320621372674
2019-11-27,11590.8095703125,11651.73046875,11590.8095703125,11647.4599609375,2166700.0,1.0,0.5635725742077824,0.6048573382177569,0.8490041815305105,,64.57085318282843,114.37932696500684,134.89612884105068,-20.516801876043843
2019-11-28,11641.7001953125,11654.0595703125,11604.6796875,11617.080078125,1977000.0,1.0,0.19951815513123972,0.19821337251857418,0.473577329005348,,61.70370022329398,110.12222867263336,129.9413488073672,-19.81912013473385
2019-11-29,11616.8798828125,11623.58984375,11485.16015625,11489.5703125,2296900.0,1.0,-0.7680772072016229,-0.8707632566687384,-0.6679034309069465,,51.38959476734487,95.36022188461902,123.02512342281757,-27.66490153819855
2019-12-02,11509.9404296875,11524.849609375,11454.3798828125,11502.830078125,2131300.0,1.0,-0.5526362931632001,-0.6732780883986544,-0.5300399706086978,,52.28284267189791,83.76557995657822,115.17321472956971,-31.407634772991486
2019-12-03,11473.3203125,11531.580078125,11460.0595703125,11531.580078125,1884000.0,1.0,-0.2260312533348907,-0.3175825693196077,-0.23291921858014097,,54.24601478717182,76.02031257755334,107.34263429916643,-31.322321721613093
2019-12-04,11511.8203125,11513.830078125,11457.4296875,11510.4697265625,0.0,1.0,-0.17203644058464418,-0.3961171261560481,-0.3540903612644475,,52.53682634294022,67.40173815222079,99.3544550697773,-31.952716917556515
2019-12-05,11546.75,11604.3896484375,11546.75,11594.650390625,0.0,1.0,0.5971833044215114,0.3007496299014756,0.3798344456548364,,58.19357297549026,66.59644947465495,92.80285395075283,-26.206404476097887
2019-12-06,11639.7998046875,11657.650390625,11577.830078125,11609.6396484375,1975900.0,1.0,0.5178054000032128,0.39321100982046,0.4965088952810337,,59.127669633421675,66.40231566987131,87.52274629457654,-21.12043062470522
2019-12-09,11635.4697265625,11678.3603515625,11631.0302734375,11660.76953125,0.0,1.0,0.6851287959838803,0.7489361315798249,0.8372007411786342,,62.22793484712178,69.57223207943025,83.93264345154728,-14.360411372117028
2019-12-10,11647.7802734375,11649.73046875,11607.259765625,11627.83984375,0.0,1.0,0.23417618689647313,0.4201579148070067,0.5057367551162706,,59.11775926559779,68.63606921421888,80.87332860408159,-12.237259389862714
2019-12-11,11635.0703125,11700.76953125,11622.580078125,11700.76953125,2258900.0,1.0,0.5330110930606313,1.0034909530906466,1.0343952150313473,,63.47212903057733,72.93818370199733,79.28629962366475,-6.348115921667414
2019-12-12,11766.98046875,11875.98046875,11766.98046875,11836.419921875,2486200.0,0.0,1.2777539662202964,1.9813632784184243,2.0356709406617712,,69.89501740616363,86.29869563029024,80.68877882498984,5.609916805300401
2019-12-13,11937.900390625,11990.7802734375,11913.01953125,11927.73046875,2969000.0,0.0,1.5065019199145713,2.381580416038509,2.644899576295101,,73.29851889408671,103.06690449142843,85.16440395827756,17.90250053315087
2019-12-16,11915.6103515625,11975.73046875,11915.6103515625,11939.76953125,2643500.0,0.0,1.128730832494207,2.101987545491002,2.598411294877767,,73.72037385014065,115.99021950238966,91.32956706709999,24.660652435289677
2019-12-17,11939.6201171875,12097.009765625,11939.6201171875,12097.009765625,2495800.0,2.0,1.652641222496598,2.9488339058513002,3.7531634606673414,,78.49845181777675,137.33687851237482,100.53102935615496,36.805849156219864
2019-12-18,12061.099609375,12125.900390625,12059.919921875,12122.4501953125,0.0,2.0,1.1495865138067662,2.6308252329616977,3.752787380729883,,79.15869570227727,154.52581225866015,111.329985936656,43.19582632200415
2019-12-19,12082.98046875,12111.76953125,12008.16015625,12018.900390625,2236200.0,2.0,-0.01889732277527978,1.389983992426158,2.6641600937919785,,69.76794880248109,157.97156439525315,120.65830162837543,37.31326276687773
2019-12-20,12001.5595703125,12028.2197265625,11937.4501953125,11959.080078125,2649800.0,0.0,-0.5683828207768915,0.5888276309893525,1.9823193919943582,,64.97264497072979,154.09899126129858,127.34643955496006,26.752551706338522
2019-12-23,11969.1396484375,12022.23046875,11960.2099609375,12022.23046875,1907900.0,2.0,-0.18020449641864555,0.8134898061407991,2.3198722648503756,,67.51130469458529,154.34644812915394,132.74644126979882,21.60000685935512
2019-12-24,12023.7900390625,12027.599609375,11976.3798828125,11976.3798828125,1724100.0,2.0,-0.36130626694367285,0.13633577303155953,1.7566258448686423,,63.89064306057792,149.1237941117579,136.02191183819065,13.101882273567242
2019-12-25,11978.9404296875,12032.3701171875,11973.9501953125,12008.1298828125,1518600.0,2.0,0.09323826181386607,0.14444248665532733,1.8703016480428714,4.52170483825205,65.2792645375033,145.86531823930272,137.99059311841307,7.87472512088965
2019-12-26,12018.3798828125,12030.66015625,11982.6396484375,12001.009765625,1618300.0,2.0,0.06373315039365224,-0.052129067162154374,1.6443683313566382,4.3033681848549055,64.67857144480683,141.08211191699047,138.60889687812855,2.473215038861923
2019-12-27,12032.7197265625,12093.01953125,12032.7197265625,12091.58984375,1868500.0,2.0,0.5966943662481627,0.5650100854657225,2.1511210636045996,4.916803012099824,68.63297467735701,142.95257345885875,139.47763219427458,3.4749412645841744
2019-12-30,12094.8095703125,12114.8896484375,12046.2197265625,12053.3701171875,1890200.0,2.0,0.2267919612510605,0.1525139608502757,1.591983075283121,4.407394516196805,65.31047386848242,139.74007854839874,139.5301214650994,0.2099570832993436
2019-12-31,12019.1904296875,12047.75,11997.1396484375,11997.1396484375,1742700.0,2.0,-0.27520798850957373,-0.23191945035665462,0.9200400110938256,3.7551543516646912,60.657947975033174,131.1450656151501,137.85311029510953,-6.708044679959443
2020-01-02,12026.5,12110.740234375,12026.23046875,12100.48046875,2023800.0,2.0,0.4296100226949706,0.6458496647694822,1.5373699784248185,4.473382490521627,65.51939664693471,131.1602626226886,136.51454076062535,-5.3542781379367455
2020-01-03,12167.4404296875,12197.6396484375,12023.599609375,12110.4296875,2572900.0,2.0,0.3299564887456974,0.6519764589686172,1.4014230597482857,4.3950722358631955,65.95556741400824,130.4711351343194,135.30585963536416,-4.834724501044747
2020-01-06,12035.7099609375,12040.080078125,11953.3603515625,11953.3603515625,2345200.0,2.0,-0.7439676996091493,-0.64873233565792,-0.05754579740130383,2.883907612344605,54.281534220094905,115.91462229645913,131.42761216758316,-15.512989871124034
2020-01-07,11961.9697265625,11986.0302734375,11822.400390625,11880.3203125,2338400.0,2.0,-1.0661400017162537,-1.1392041773905182,-0.759322704424148,2.136072023677582,49.86184174934589,97.36242681683689,124.61457509743391,-27.252148280597027
2020-01-08,11818.759765625,11899.669921875,11777.4501953125,11817.099609375,2428800.0,2.0,-1.2966429401525148,-1.5347792929863324,-1.3653969472783967,1.4899941161482966,46.344450470198964,76.6744406297621,115.02654820389955,-38.35210757413745
2020-01-09,11889.4599609375,11992.5498046875,11889.4599609375,11970.6298828125,2036900.0,2.0,0.20309029594571815,-0.22432164658714449,-0.1963171947030662,2.6898350247296587,54.70154218423225,71.83955086419337,106.38914873595832,-34.549597871764945
2020-01-10,12009.26953125,12038.2099609375,11959.0595703125,12024.650390625,1869000.0,2.0,0.8000384298221697,0.20619625894235938,0.17546714741050184,3.029839856595107,57.226008730845635,71.54217573530877,99.41975413582841,-27.87757840051964
2020-01-13,12069.6103515625,12113.419921875,12037.240234375,12113.419921875,2292300.0,2.0,1.2724107343803581,0.9275874656010874,0.8369972463092124,3.6523050361722653,61.06579830557296,77.57522420145142,95.05084814895301,-17.47562394750159
2020-01-14,12161.73046875,12186.6201171875,12140.26953125,12179.8095703125,2255300.0,2.0,1.3200739245686988,1.373942911696413,1.2884546815250308,4.072611614556454,63.691002178535264,86.7139637673572,93.38347127263384,-6.669507505276641
2020-01-15,12169.919921875,12169.919921875,12048.009765625,12091.8798828125,1943800.0,2.0,0.13085335501314965,0.5627969422687285,0.5593679993497469,3.2006727417475345,58.103075169179505,85.87141754386721,91.88106052688052,-6.009642983013308
2020-01-16,12006.080078125,12075.5400390625,12006.080078125,12066.9296875,2049000.0,2.0,-0.23486903286116245,0.38330689246439675,0.37504814438420464,2.8666830748207417,56.58600802665882,82.24238235758457,89.95332489302133,-7.710942535436757
2020-01-17,12080.7197265625,12117.5498046875,12055.91015625,12090.2900390625,2009700.0,2.0,-0.15010804440236392,0.5944923168348604,0.5395122203519787,2.953169742756767,57.69963541269004,80.32538987351472,88.02773788912,-7.702348015605281
2020-01-20,12107.5595703125,12151.419921875,12101.5498046875,12118.7099609375,2095100.0,2.0,0.07585874509090651,0.6924258080401868,0.7090019615337395,3.0748417639049563,59.07502824846556,80.1751999016833,86.45723029163267,-6.2820303899493695
2020-01-30,11933.23046875,11933.23046875,11418.2197265625,11421.740234375,4917300.0,2.0,-4.4838080259341995,-4.735601399409484,-4.845541688887744,-2.8678801610912963,31.782410314385807,23.545127578005122,73.87480974890715,-50.32968217090203
2020-01-31,11494.0302734375,11594.2099609375,11436.9501953125,11495.099609375,3130700.0,2.0,-2.901150762118654,-3.8655523678115644,-4.042011255943912,-2.2663555693333226,35.17707047173514,-15.239453331747427,56.05195713277624,-71.29141046452366
2020-02-03,11365.900390625,11365.900390625,11138.0302734375,11354.919921875,3472200.0,1.0,-2.9174726236249726,-4.5463735440853466,-4.953056491397945,-3.4547219162736065,31.909437774612332,-56.634989476633564,33.51456781089428,-90.14955728752784
2020-02-04,11399.4599609375,11581.3603515625,11393.0302734375,11555.919921875,2731100.0,2.0,-0.2878350835563981,-2.4724037546823507,-3.090049454510535,-1.7731689317091792,40.451109763106544,-72.38778857047146,12.334096534621128,-84.72188510509258
2020-02-05,11601.5498046875,11620.419921875,11512.7099609375,11573.6201171875,2624400.0,2.0,0.8132233639975617,-1.875996654503842,-2.7303533743559427,-1.6469718690271473,41.15120994802281,-82.49281172652081,-6.631285117607259,-75.86152660891355
2020-02-06,11605.1103515625,11749.6796875,11605.1103515625,11749.6796875,2305400.0,2.0,1.7654124543994953,-0.01871376285906834,-1.124491389896043,-0.17807413379687942,47.73348903439969,-75.42512555061694,-20.390053204209195,-55.035072346407745
2020-02-07,11712.7099609375,11712.7099609375,11592.08984375,11612.8095703125,2182700.0,2.0,0.37529832730078816,-0.7789005788900072,-2.1179911171843813,-1.336521974262761,43.646341752206595,-79.94663290296558,-32.30136914396047,-47.645263759005104
2020-02-10,11514.7197265625,11598.0302734375,11423.33984375,11574.0703125,2328300.0,2.0,-0.33711244287430997,-0.6917013931762139,-2.2276081872773523,-1.6546527836213465,42.5361882888283,-85.6683628432329,-42.974767883814955,-42.69359495941794
2020-02-11,11614.25,11678.580078125,11614.25,11664.0400390625,1845400.0,2.0,0.2509367026084064,0.44763028580601105,-1.281457013783538,-0.8982434620963264,45.9731493320251,-81.9978498473647,-50.77938427652491,-31.218465570839797
2020-02-12,11693.400390625,11801.51953125,11693.400390625,11774.1904296875,2120500.0,2.0,0.8499595613842725,1.6979451074725649,-0.2735869967257054,0.010066311782219728,49.9222593278729,-69.40071762299704,-54.50365094581933,-14.897066677177705
2020-02-13,11813.5,11854.98046875,11784.9404296875,11791.7802734375,2132400.0,2.0,0.92783223548627,1.5253825963465806,-0.08713881989330652,0.10781785015820944,50.54394332302129,-57.337099796235634,-55.07034071590259,-2.2667590803330455
2020-02-14,11806.51953125,11840.7900390625,11788.8701171875,11815.7001953125,1697100.0,2.0,0.7825340128892133,1.4512912636699626,0.11613048041192453,0.26898929378531555,51.42702749415069,-45.323991209214,-53.121070814564874,7.7970796053508735
2020-02-17,11770.2998046875,11775.5595703125,11724.8203125,11763.509765625,1837200.0,2.0,0.014161257198153088,0.6500750900348296,-0.23854794219997366,-0.215632108725472,49.356217358534,-39.55883794705551,-50.408624241063,10.849786294007494
2020-02-18,11700.91015625,11717.099609375,11642.9501953125,11648.98046875,1882600.0,2.0,-0.9342063539638845,-0.4091500355556388,-1.052204515593358,-1.2148613055696922,45.06754232132669,-43.72740721662376,-49.07238083617516,5.344973619551396
2020-02-19,11655.3701171875,11783.4296875,11654.16015625,11758.83984375,2169000.0,2.0,0.026180645256035362,0.3711348600366371,0.0315935975071957,-0.3160979908311101,49.59218566676475,-37.73135143390209,-46.80417495572054,9.07282352181845
2020-02-20,11785.7802734375,11827.830078125,11714.150390625,11725.08984375,2035400.0,2.0,-0.1476201136400901,0.10406277193000246,-0.06222216010932646,-0.6198040104079316,48.27661709910233,-35.29590771315088,-44.50252150720661,9.206613794055727
2020-02-21,11721.16015625,11755.169921875,11661.6298828125,11686.349609375,1952700.0,2.0,-0.2577916434873151,-0.2892895122503014,-0.21997624287927176,-0.9523511977446386,46.74377584606984,-36.07595303634298,-42.81720781303388,6.7412547766909015
2020-02-24,11615.2802734375,11615.2802734375,11512.080078125,11534.8701171875,2347100.0,2.0,-1.1649206289942926,-1.5488200064161517,-1.2891210947485243,-2.222910594617933,41.23111012818445,-48.359811819767856,-43.925728614380674,-4.434083205387182
2020-02-25,11506.740234375,11567.08984375,11415.4697265625,11540.23046875,2158400.0,2.0,-0.9343703142763782,-1.3988745289990723,-1.0102674113387833,-2.174979670553445,41.49405335916255,-57.005202345162616,-46.54162336053706,-10.463578984625556
2020-02-26,11468.599609375,11494.2197265625,11408.0595703125,11433.6201171875,2640000.0,2.0,-1.298441800374328,-2.0246704122701575,-1.635727374015783,-3.0604617107728993,37.86538201223449,-71.63355399431566,-51.56000948729278,-20.07354450702288
2020-02-27,11436.9599609375,11470.23046875,11274.51953125,11292.169921875,3360600.0,2.0,-1.7854233753706317,-2.820722182029145,-2.7984583605716207,-4.223280173548682,33.65948959366133,-93.56195273018238,-59.960398135870705,-33.60155459431168
2020-03-02,11184.66015625,11282.0498046875,11049.849609375,11170.4599609375,3204100.0,2.0,-1.964234250620378,-3.3313572063969454,-3.711585120664773,-5.201130704255763,30.51837043105713,-119.38514574355213,-71.84534765740699,-47.53979808614514
2020-03-03,11279.8603515625,11390.240234375,11279.8603515625,11327.7197265625,2572300.0,2.0,-0.22126897246473876,-1.5993394025525909,-2.344571004515217,-3.823039005112139,38.50384991952756,-125.71153907176449,-82.61858594027849,-43.092953131486
2020-03-04,11368.25,11392.349609375,11297.8095703125,11392.349609375,2245300.0,2.0,0.6101221608700413,-0.8168111140452683,-1.718106593105917,-3.2435355218835227,41.4805277410257,-124.07984474191107,-90.91083770060501,-33.16900704130606
2020-03-05,11454.650390625,11525.3203125,11454.650390625,11514.8203125,2291000.0,2.0,1.546067691315578,0.4628635293843386,-0.6363489133327849,-2.2068738235939134,46.74139359663466,-111.61769372431263,-95.05220890534653,-16.565484818966098
2020-03-06,11471.3603515625,11471.3603515625,11310.3203125,11321.8095703125,2518500.0,2.0,-0.20820948877569023,-0.8723100730281708,-2.121183718475339,-3.8214327596632236,40.553793155300696,-115.97877200497715,-99.23752152527265,-16.74125047970449
2020-03-09,11221.759765625,11221.759765625,10977.6396484375,10977.6396484375,3897400.0,2.0,-2.9117535607291134,-3.285555981130006,-4.8353050824245685,-6.671954165060889,32.33407144022644,-145.52902628321863,-108.49582247686185,-37.03320380635678
2020-03-10,10907.6201171875,11032.4697265625,10830.2197265625,11003.5400390625,3544100.0,2.0,-2.121429652179163,-2.6014389465308763,-4.37429797202562,-6.384515074696018,33.42761932485402,-164.95635643673268,-119.78792926883601,-45.16842716789667
2020-03-11,11022.8203125,11088.23046875,10885.91015625,10893.75,2804700.0,2.0,-2.2307929986127517,-3.0182880147497926,-5.010484891790412,-7.2263794976918705,31.130935363535706,-187.05553438607603,-133.24145029228401,-53.81408409379202
2020-03-12,10845.3896484375,10845.3896484375,10359.669921875,10422.3203125,4844200.0,2.0,-4.59081138990427,-6.372254729540938,-8.582372373923597,-11.091347565600106,23.62498086967125,-239.8449447807343,-154.56214918997406,-85.28279559076023
2020-03-13,10091.0302734375,10171.2001953125,9636.150390625,10128.8701171875,5906200.0,2.0,-5.206759399986993,-8.047493621237557,-10.503627146391715,-13.406052054410967,20.337824193210917,-301.880026114517,-184.02572457488264,-117.85430153963438
2020-03-16,10069.419921875,10130.7998046875,9717.76953125,9717.76953125,3783600.0,2.0,-6.857695049481228,-10.600580617614131,-13.332749396784461,-16.693915749983457,16.80927418768843,-379.83713058341345,-223.1880057765888,-156.64912480682466
2020-03-17,9538.6396484375,9677.0703125,9371.349609375,9439.6298828125,4504100.0,2.0,-6.7273379851583215,-11.624295198437462,-14.931783736160153,-18.816007476917463,14.922835755384401,-458.7737840388636,-270.3051614290438,-188.46862260981982
2020-03-18,9453.98046875,9509.6103515625,9218.669921875,9218.669921875,3991000.0,2.0,-5.792088438684717,-11.900096155720764,-16.00320598260262,-20.417724473326416,13.615567299204374,-533.0169848090718,-322.8475261050494,-210.16945870402242
2020-03-19,9085.2802734375,9085.2802734375,8523.6298828125,8681.33984375,5702600.0,1.0,-8.009913335920317,-14.726084699001474,-19.774339146311014,-24.704654573952624,11.074815825255643,-627.974404923234,-383.8729018686863,-244.10150305454772
2020-03-20,8816.8603515625,9264.419921875,8816.8603515625,9234.08984375,4683400.0,2.0,-0.2614946744891822,-7.397610138206467,-13.672671289365812,-19.596047683578398,26.30882489767964,-651.1208234750902,-437.3224861899671,-213.79833728512313
2020-03-23,9025.5498046875,9029.51953125,8750.1396484375,8890.0302734375,136500.0,1.0,-2.229486526549629,-8.94162261399638,-15.788468683101641,-22.229932718482594,23.598824347648552,-689.2816490494788,-487.71431876186944,-201.56733028760937
2020-03-24,9083.7802734375,9415.6396484375,9083.7802734375,9285.6201171875,2920600.0,1.0,2.468233847985246,-3.18613500847843,-11.094088181245143,-18.431935208476148,32.24114121146322,-679.7676456641766,-526.1249841423308,-153.64266152184575
2020-03-25,9426.4296875,9722.3701171875,9426.4296875,9644.75,3565400.0,2.0,5.439761162364798,1.8850115279306134,-6.80994385171696,-14.981701028222183,38.98848791521799,-635.9184769110016,-548.083682696065,-87.83479421493655
2020-03-26,9667.1396484375,9739.73046875,9565.01953125,9736.3603515625,2795400.0,2.0,4.041284029239911,3.6035082546523434,-5.1470169277955,-13.892971546134591,40.61304760065945,-587.008832584741,-555.8687126738002,-31.14011991094071
2020-03-27,9807.900390625,9954.8603515625,9691.1396484375,9698.919921875,3349400.0,2.0,2.621735477941556,3.6794476784316466,-4.772723927745659,-13.929340021788539,40.14260098385697,-544.9864522747393,-553.6922605939881,8.705808319248717
2020-03-30,9571.2197265625,9655.7001953125,9415.51953125,9629.4296875,2274000.0,1.0,0.31684155777522705,3.0339099393813296,-4.734300557716054,-14.248349494744495,39.234200795770285,-511.3956436369899,-545.2329372025885,33.83729356559854
2020-03-31,9689.6201171875,9789.8095703125,9630.2998046875,9708.0595703125,2882300.0,1.0,0.2535824253310892,3.577748704988082,-3.1807043532605106,-13.252001465676443,40.864869739214846,-472.977718655,-530.7818934930708,57.80417483807082
2020-04-01,9726.2001953125,9736.0,9663.6298828125,9663.6298828125,2434800.0,1.0,-0.2441345794288452,2.6165562281202037,-2.7857864059975146,-13.347371874334534,40.20828252380145,-441.0323938838683,-512.8319935712303,71.79959968736205
2020-04-06,9707.75,9818.740234375,9651.51953125,9818.740234375,2987300.0,1.0,1.1849471139457002,3.0193931761941073,-0.3754986580642439,-11.656436521319113,43.614422882057326,-398.6045200053886,-489.98649885806196,91.38197885267334
2020-04-07,9928.16015625,10039.150390625,9928.16015625,9996.3896484375,3205000.0,1.0,2.3879327930139027,4.051096724646497,2.1136185079305703,-9.779753036465,47.31616828851462,-346.64934339469437,-461.31906776538847,114.6697243706941
2020-04-08,10010.6396484375,10149.759765625,9984.66015625,10137.4697265625,3117000.0,1.0,2.7634652140354765,4.167030839606145,4.001046665940389,-8.249808789855074,50.116942974764214,-290.7390495798227,-427.2030641282753,136.4640145484526
2020-04-09,10173.259765625,10246.83984375,10092.3603515625,10119.4296875,3058700.0,1.0,1.7321360006510966,3.098338947349455,4.288930861921325,-8.138574017361687,49.752714358627465,-245.06051424176258,-390.77455415097273,145.71403990921016
2020-04-10,10105.4296875,10165.1201171875,10103.76953125,10157.6103515625,2365200.0,1.0,1.111718326636213,2.9494084091909345,5.081012975423604,-7.518741977112031,50.57147661789808,-203.43402458739365,-353.3064482382569,149.87242365086325
2020-04-13,10147.5595703125,10179.400390625,10080.650390625,10099.2197265625,2456300.0,1.0,-0.027757819722162846,1.9825514159022006,4.651857918156321,-7.790932663279104,49.24977390848405,-173.1602831249984,-317.2772152156052,144.11693209060684
2020-04-14,10130.650390625,10344.1298828125,10130.650390625,10332.9404296875,2847000.0,1.0,1.6088216353586038,3.678886179898444,6.9606661639856515,-5.434317068924832,54.38834872973306,-128.8238166801002,-279.5865355085042,150.762718828404
2020-04-15,10366.76953125,10461.83984375,10366.76953125,10447.2099609375,3333800.0,2.0,2.110467965089602,3.9723055488851466,7.736772103709355,-4.188338464817898,56.696910658253906,-83.50367305027976,-240.36996301685932,156.86628996657956
2020-04-16,10385.7802734375,10425.2900390625,10317.1298828125,10375.48046875,2770300.0,2.0,0.9043360262703803,2.57709640801278,6.483230001158757,-4.61360119406079,54.821198248798616,-52.76683997577311,-202.84933840864207,150.08249843286896
2020-04-17,10554.5498046875,10710.150390625,10552.580078125,10597.0400390625,3725200.0,2.0,2.1856668226598597,3.809572707982234,7.993243560968799,-2.3631306373764094,59.30015670922515,-10.409676374227274,-164.36140600175912,153.95172962753185
2020-04-20,10612.4501953125,10637.6396484375,10542.9599609375,10586.7099609375,2298700.0,2.0,1.1352234886173207,2.9339954101624155,6.8505898991207514,-2.229092208344452,59.006432690735,22.070712538656153,-127.07498229367607,149.14569483233223
2020-04-21,10544.7998046875,10544.7998046875,10278.9501953125,10288.419921875,3392700.0,1.0,-1.6306779221794465,-0.24949315179373377,3.2904094320975075,-4.706452510107262,51.130790833660136,23.47157580685598,-96.96567067356966,120.43724648042564
2020-04-22,10256.1103515625,10310.849609375,10140.08984375,10307.740234375,2531000.0,1.0,-1.182407888685999,-0.22688447566248104,2.7531289219794974,-4.2638289399440925,51.581563361778784,25.84285741804524,-72.40396505524669,98.24682247329193
2020-04-23,10370.1298828125,10462.7001953125,10294.8798828125,10366.509765625,2633300.0,1.0,-0.6019034369382226,0.10256657468057373,2.78522551113467,-3.4638880653048654,53.001690192372195,32.09436137361445,-51.50429976947446,83.5986611430889
2020-04-24,10367.9697265625,10386.9296875,10324.2001953125,10347.3603515625,2400100.0,1.0,-0.30818597823329963,-0.2650900946565615,2.2392335057159762,-3.380847274867438,52.461748236345365,35.09892703896185,-34.183654407787195,69.28258144674905
2020-04-27,10407.490234375,10578.9599609375,10407.490234375,10567.26953125,3281100.0,1.0,1.8486849839394415,1.3971032651969528,3.9852338039736646,-1.088614751400796,57.78086190511702,54.595556329744795,-16.427812260280795,71.0233685900256
2020-04-28,10580.25,10620.51953125,10537.7099609375,10616.0595703125,3260300.0,1.0,1.6767731322119284,1.5892814163678493,3.996063877969891,-0.5068806331998021,58.880171084980695,73.1406045445492,1.4858711006852054,71.654733443864
2020-04-29,10656.400390625,10794.830078125,10656.400390625,10772.2197265625,3529100.0,0.0,2.2625647128124537,2.7640285798649966,4.938438233824738,1.0707658614756088,62.266730371888244,99.29391000293435,21.04747888113504,78.24643112179932
2020-04-30,10826.259765625,11012.7802734375,10826.259765625,10992.1396484375,3909100.0,2.0,3.125336125376621,4.248734191095949,6.415233301075385,3.1927142106165984,66.45653976449434,136.19630650875843,44.077244406659716,92.11906210209871
2020-05-04,10781.509765625,10781.509765625,10658.5,10720.48046875,3113100.0,0.0,-0.12254303221992391,1.5534475618419252,3.2570603857629665,0.7741431935335719,57.90352321073436,141.88552810937654,63.638901147203086,78.24662696217345
2020-05-05,10756.9501953125,10833.5302734375,10735.009765625,10774.6103515625,2817200.0,0.0,-0.004562384324890978,1.8848614551344012,3.3028864709741645,1.4099174610799237,59.03486381905563,149.04401969479477,80.71992485672142,68.32409483807335
2020-05-06,10771.08984375,10828.73046875,10708.099609375,10774.98046875,3137600.0,1.0,-0.2952345723864602,1.4217277160495367,2.922286117291417,1.5686962040079244,59.04296900425949,152.98354216904227,95.17264831918558,57.81089384985668
2020-05-07,10778.5302734375,10890.8701171875,10775.16015625,10842.919921875,2849600.0,1.0,0.20232600542917645,1.5496664861516019,3.223459226491876,2.332892845576895,60.584605197576714,159.74633191047178,108.08738503744283,51.65894687302895
2020-05-08,10883.2197265625,10970.7001953125,10883.2197265625,10901.419921875,3169900.0,1.0,0.9121426416203171,1.5886197343953246,3.3955109569002495,2.9939749123679915,61.91395066574669,167.89100954936475,120.04810993982721,47.84289960953754
2020-05-11,10942.1796875,11039.1103515625,10942.1796875,11013.259765625,3370600.0,2.0,1.3978045861539057,1.9978986814555233,4.034122476470436,4.15734441920419,64.38685691410426,181.28057632286436,132.29460321643464,48.985973106429725
2020-05-12,10974.509765625,10974.509765625,10854.509765625,10879.4697265625,3047800.0,1.0,-0.027018228366282315,0.46832498333588823,2.3929660374148343,3.037345073671416,59.41678379085271,179.03239245867735,141.64216106488317,37.39023139379418
2020-05-13,10861.009765625,10938.26953125,10828.9296875,10938.26953125,2677400.0,2.0,0.2125663192761973,0.7116540110395864,2.6539499407213007,3.7339810788915795,60.847208714984625,179.9213223696861,149.29799332584375,30.623329043842347
2020-05-14,10894.169921875,10894.169921875,10777.4599609375,10780.8798828125,3054300.0,1.0,-1.1169740726612365,-0.7453899505860395,1.018705678379983,2.4088667898716665,55.23518631943373,166.01209239760283,152.64081314019558,13.371279257407252
2020-05-15,10833.16015625,10904.009765625,10730.5498046875,10814.919921875,2749400.0,1.0,-0.6471062534142757,-0.26928023238830257,1.12946019804967,2.886731941034393,56.17660608350303,155.93811656237995,153.30027382463246,2.6378427377474907
2020-05-18,10753.2099609375,10812.8701171875,10730.7001953125,10740.5498046875,2716100.0,1.0,-0.8334363169822834,-0.9734176628233948,0.3666876576057243,2.3266078033348903,53.52798097191428,140.33566897780474,150.70735285526692,-10.371683877462175
2020-05-19,10812.7900390625,10924.7900390625,10812.7900390625,10860.4404296875,3048200.0,1.0,0.30875107453778305,0.05278346167383319,1.3573918565876086,3.6166333209486368,57.044067750187,136.0761867508263,147.7811196343788,-11.704932883552488
2020-05-20,10892.759765625,10933.98046875,10860.150390625,10907.7998046875,2731300.0,1.0,0.802906335566056,0.36627677314389206,1.506005874425198,4.2038993253476376,58.38355458172673,134.9662156413615,145.21813883577533,-10.251923194413848
2020-05-21,10933.2099609375,11021.66015625,10933.2099609375,11008.3095703125,2787700.0,2.0,1.3059119216144888,1.1371893273932399,2.108489946171499,5.277739382300961,61.152208159521216,140.57637666652226,144.28978640192472,-3.7134097354024505
2020-05-22,10977.5498046875,10977.5498046875,10804.5595703125,10811.150390625,2923700.0,1.0,-0.501577074312165,-0.591737973371742,0.07335726923678454,3.511617127881883,53.61693431526492,127.64199417080454,140.96022795570067,-13.318233784896137
2020-05-25,10812.9404296875,10874.5400390625,10719.25,10871.1796875,2222100.0,1.0,-0.18909945546823348,0.09099109078536394,0.38564664690423633,4.197614649160242,55.41819066068889,120.84227094999187,136.9366365545589,-16.09436560456703
2020-05-26,10903.3203125,11046.2197265625,10903.3203125,10997.2099609375,2886300.0,1.0,0.7150760084638552,1.1417111472881158,1.348241640461345,5.4791186920815305,59.01667463683866,124.19142960163299,134.3875951639737,-10.196165562340724
2020-05-27,11023.9296875,11069.7197265625,10972.25,11014.66015625,2794500.0,1.0,0.6778318165175046,1.2310795508141403,1.3229580555290887,5.693378939231808,59.504072177796154,126.79216572569385,132.86850927631775,-6.076343550623903
2020-05-28,11040.6201171875,11087.5302734375,10915.2998046875,10944.1904296875,3122300.0,1.0,0.151105335448376,0.43268089011405664,0.5951448387380154,5.055188782600184,56.57783552260539,121.76333788371085,130.64747499779637,-8.884137114085519
2020-05-29,10921.16015625,10965.0302734375,10861.900390625,10942.16015625,3589800.0,1.0,-0.10699333744217387,0.296936891596733,0.5995906990270861,5.100530280719107,56.49164022516637,116.2737975294931,127.77273950413571,-11.49894197464262
2020-06-01,10971.400390625,11109.2900390625,10971.400390625,11079.01953125,2655700.0,1.0,0.7600552885041356,1.2373201771613607,1.6902410128993184,6.468482104587303,60.824337055094766,121.56537505790402,126.53126661488938,-4.965891556985355
2020-06-02,11109.26953125,11170.490234375,11102.9697265625,11127.9296875,2754300.0,1.0,0.9648124825150095,1.4363132708002713,1.9738193874790921,7.004811846906667,62.270367210838764,128.22750239431844,126.87051377077519,1.356988623543245
2020-06-03,11182.51953125,11330.51953125,11182.51953125,11320.16015625,3776100.0,1.0,2.1426938890830804,2.8021656110368554,3.4768954728249035,8.853564286961223,67.36844667981258,147.32046003801224,130.9605030242226,16.359957013789654
2020-06-04,11373.9404296875,11425.419921875,11341.580078125,11393.23046875,3539700.0,1.0,1.9756587044081453,3.105327063964558,3.8835411973004774,9.483280344865408,69.07879235160878,166.42943514303624,138.05428944798533,28.375145695050918
2020-06-05,11418.009765625,11482.3603515625,11411.9404296875,11479.400390625,3400800.0,2.0,1.7682026807318119,3.2606740151725377,4.394158906942236,10.227322877177247,71.00860303330123,186.37817652711055,147.71906686381038,38.65910966330017
2020-06-08,11539.0,11631.8896484375,11528.4404296875,11610.3203125,3822500.0,2.0,1.968276930975943,3.7485357009716447,5.298879926537703,11.35673920064404,73.69478167150233,210.32731894024982,160.24071727909828,50.08660166115155
2020-06-09,11600.6103515625,11640.4501953125,11537.3798828125,11637.1103515625,3023600.0,2.0,1.2975752118111528,3.3966980356971765,5.18048349477529,11.397367179667949,74.22114029701213,228.8310966656136,173.95879315640133,54.87230350921226
2020-06-10,11635.990234375,11740.900390625,11621.01953125,11720.16015625,3477600.0,2.0,1.3149657443819907,3.4859086827768504,5.558127736704965,11.90825721094335,75.83538602998635,247.34565227547682,188.63616498021642,58.7094872952604
2020-06-11,11738.490234375,11771.1201171875,11516.58984375,11535.76953125,4457500.0,2.0,-0.5241438697422662,1.328500247135933,3.54540580324052,9.829875451620973,65.95965558040139,244.32338071881168,199.77360812793546,44.549772590876216
2020-06-12,11406.5400390625,11442.2998046875,11244.6396484375,11429.9404296875,3367500.0,1.0,-1.3525875830401657,-0.029419945845232665,2.313073980558533,8.479693001106071,61.045991803270404,230.72898458004238,205.96468341835686,24.764301161685523
2020-06-15,11436.2802734375,11469.83984375,11299.4501953125,11306.259765625,3034000.0,1.0,-1.9051811229589988,-1.3073323296768802,0.9503697078699247,6.952684954323773,55.81306883298286,207.58245047681703,206.2882368300489,1.294213646768128
2020-06-16,11380.669921875,11542.25,11380.669921875,11511.6396484375,2915500.0,1.0,0.09465242258235307,0.14999067947893963,2.486201663514276,8.411736016485637,61.6863582102124,203.4656699595962,205.72372345595835,-2.2580534963621517
2020-06-17,11525.5,11550.3203125,11482.3203125,11534.58984375,3138800.0,1.0,0.6189133727773521,0.16279967856440702,2.404803419940449,8.237042901256487,62.289559595992316,199.75235983616585,204.52945073199984,-4.777090895833993
2020-06-18,11534.2001953125,11567.419921875,11485.3896484375,11548.330078125,3404900.0,1.0,0.716701865943814,0.14723362246666927,2.281603908201091,7.917316767411187,62.66850506266043,195.66277818149865,202.75611622189962,-7.093338040400965
2020-06-19,11557.26953125,11584.8798828125,11542.3701171875,11549.8603515625,4580400.0,1.0,0.5197885768050803,0.09934052058990783,1.9616087900466317,7.55233422224062,62.713444430638695,190.35098783531976,200.27509054458363,-9.924102709263877
2020-06-22,11553.91015625,11632.8798828125,11553.91015625,11572.9296875,2950700.0,1.0,0.2552071935421507,0.3317887696276278,1.8497833010214348,7.445621075896658,63.42818563919664,185.86037561227022,197.39214755812094,-11.531771945850721
2020-06-23,11618.419921875,11679.400390625,11530.849609375,11612.3603515625,3057500.0,1.0,0.42154891021985996,0.6952400975923645,1.920913298889193,7.499646950648509,64.67461353151135,183.3694888030459,194.58761580710592,-11.218127004060023
2020-06-24,11647.8603515625,11701.23046875,11637.7900390625,11660.669921875,2861900.0,1.0,0.6199059203189528,1.166338890306351,2.0555963456064807,7.621121372478878,66.19477007532323,183.18201342128123,192.306495329941,-9.12448190865976
2020-06-29,11608.7998046875,11608.7998046875,11500.650390625,11542.6201171875,2922300.0,1.0,-0.38892977111364413,0.1362037528641391,0.7585472340499999,6.218995336529232,59.46111004910208,171.53050825056926,188.15129791406665,-16.62078966349739
2020-06-30,11563.599609375,11638.0,11563.599609375,11621.240234375,2935300.0,1.0,0.16614576438229722,0.6512204119590637,1.1450555399623141,6.6296017683373565,62.21768123815708,166.7187627414587,183.86479087954507,-17.146028138086365
2020-07-01,11622.6396484375,11736.3896484375,11622.6396484375,11703.419921875,2868400.0,1.0,0.6480685413543075,1.0155039044576597,1.5842763844564844,7.0497118017738725,64.90407422544506,167.60459232558605,180.61275116875328,-13.008158843167223
2020-07-02,11694.099609375,11805.2099609375,11690.9501953125,11805.1396484375,3060100.0,1.0,1.1873336390935352,1.6360028824238482,2.166917640606769,7.654128512471781,67.94241908892614,174.50298865060722,179.39079866512407,-4.887810014516845
2020-07-03,11857.900390625,11933.58984375,11857.900390625,11909.16015625,3536100.0,1.0,1.6459451961505778,2.2019781239973613,2.805134369123241,8.287906590547633,70.73277956052446,186.21700931593114,180.7560407952855,5.46096852064565
2020-07-06,11941.83984375,12116.7001953125,11941.83984375,12116.7001953125,4451500.0,1.0,2.4137011006911235,3.4783147458383956,4.271108996247519,9.845553799605655,75.34403496636011,209.82843022604538,186.57051868143748,23.257911544607907
2020-07-07,12176.7900390625,12249.9501953125,12028.5703125,12092.9697265625,4263000.0,1.0,1.4044870810421939,2.7988485155171494,3.7928756973840017,9.304487232533077,73.91009630871717,224.04317069435638,194.06504908402127,29.97812161033511
2020-07-08,12086.1298828125,12190.26953125,12083.83984375,12170.1904296875,3598500.0,1.0,1.2593436537257086,2.9326757020432526,4.205284462651782,9.669958204482686,75.54136687228522,238.78693318298428,203.00942590381388,35.77750727917041
2020-07-09,12222.900390625,12273.4296875,12181.33984375,12192.6904296875,3882900.0,1.0,0.7965072473484103,2.6192894278842305,4.150212432710743,9.528338134898862,76.0119984265875,249.41196723324174,212.28993416969945,37.12203306354229
2020-07-10,12250.4404296875,12253.580078125,12030.2001953125,12073.6796875,4166700.0,1.0,-0.4581192088981778,1.2656328428774843,2.978135026687978,8.177318152913248,68.50354900335167,245.40038806981647,218.91202494972285,26.488363120093624
2020-07-13,12109.6103515625,12216.240234375,12109.6103515625,12211.5595703125,3558300.0,1.0,0.5214065283108971,1.8506303991767892,3.8548272840555953,9.12517803334043,71.95939877857116,250.45979233343132,225.22157842646453,25.23821390696679
2020-07-14,12202.8896484375,12228.3095703125,12143.91015625,12209.009765625,3333000.0,1.0,0.3087870651711011,1.33260117668772,3.4902943904519645,8.805266625792573,71.80249858293345,251.36606718217809,230.45047617760724,20.915591004570842
2020-07-15,12233.990234375,12320.48046875,12162.51953125,12202.849609375,3905800.0,1.0,0.2044004196618987,0.8633764079823081,3.0465013438899735,8.491601334029951,71.39746758399465,248.7201325373826,234.1044074495623,14.615725087820294
2020-07-16,12173.0400390625,12220.9296875,12107.0400390625,12157.740234375,3196600.0,1.0,-0.1086810786843806,0.19849957778608207,2.386268631540811,7.839506616194791,68.35665754749695,240.21422069274377,235.3263700981986,4.887850594545171
2020-07-17,12195.7197265625,12266.9296875,12144.6201171875,12181.5595703125,3396200.0,1.0,-0.09008931944575194,0.16992703719795887,2.308152565583055,7.749226992337044,69.10490212887255,232.712678716116,234.80363182178206,-2.090953105666074
2020-07-20,12205.25,12221.330078125,12065.7998046875,12174.5400390625,2819300.0,1.0,-0.08698960228130659,0.06461198551448444,1.981024253920749,7.39158931052033,68.59016414527235,223.62344329321786,232.56759411606922,-8.944150822851356
2020-07-21,12242.3203125,12450.16015625,12242.3203125,12397.5498046875,3529000.0,1.0,1.4293064533456246,1.6431142163694012,3.4816854319107637,9.033188476974274,74.96917074289621,231.74378495427118,232.4028322837096,-0.6590473294384367
2020-07-22,12389.759765625,12486.9501953125,12389.400390625,12473.26953125,3424000.0,1.0,1.5992407381278495,2.010433991444782,3.7239665451758386,9.358348138492056,76.69947668312687,241.50524125262746,234.22331407749317,7.281927175134285
2020-07-23,12423.01953125,12429.759765625,12347.8603515625,12413.0400390625,3426700.0,1.0,0.689879127020987,1.3352424492707682,2.88061568533573,8.537553763866047,72.4116152328252,241.59627753692075,235.69790676937868,5.898370767542076
2020-07-24,12467.4296875,12502.83984375,12266.5498046875,12304.0400390625,3996200.0,1.0,-0.3922112856250548,0.25686843033296825,1.7060472754583555,7.320477925507518,65.29711620463998,230.21921163388288,234.6021677422795,-4.382956108396627
2020-07-27,12618.6904296875,12686.3603515625,12586.91015625,12588.2998046875,3687300.0,2.0,1.230856524367141,2.259184987944751,3.6079820660010586,9.510780582366474,72.80203610337321,241.35796795191345,235.9533277842063,5.404640167707157
2020-07-28,12951.7197265625,13031.7001953125,12533.1904296875,12586.73046875,4457700.0,2.0,0.9111985880713158,1.9336677287251636,3.1850872613601977,9.244554888460211,72.70854911194861,247.209206440235,238.20450351541203,9.004702924822965
2020-07-29,12530.740234375,12660.8701171875,12488.009765625,12540.9697265625,3067000.0,2.0,0.4352957668393387,1.285726921970154,2.458196302540472,8.561491319449033,69.89025629407992,245.32588158917315,239.62877913016425,5.697102459008903
2020-07-30,12691.8603515625,12769.4697265625,12616.830078125,12722.919921875,3244900.0,2.0,1.389223028336839,2.2883208543199807,3.5564661326820346,9.827832381433875,74.17635635247221,255.5691511286368,242.81685352985875,12.752297598778057
2020-07-31,12653.4599609375,12733.48046875,12635.7099609375,12664.7998046875,3171700.0,2.0,0.34907497977851865,1.4269990195048488,2.767373849486754,9.029681370086573,70.71363878046694,256.04567317304463,245.4626174584959,10.58305571454872
2020-08-03,12642.73046875,12673.01953125,12506.58984375,12513.0302734375,3391600.0,2.0,-0.7350630178741935,-0.05938012688460059,1.3728469413480715,7.4655971089427675,62.50770641639682,241.394146091905,244.64892318517772,-3.254777093272736
2020-08-04,12577.8798828125,12709.919921875,12577.8798828125,12709.919921875,3465700.0,2.0,0.6301656824002189,1.2605300009582265,2.71124225327648,8.874704440089998,67.73813411255226,242.8703957345515,244.29321769505248,-1.4228219605009826
2020-08-05,12762.33984375,12816.3896484375,12739.990234375,12802.2998046875,3917200.0,2.0,0.943859433576244,1.729850277832412,3.194213339591845,9.3866474971811,69.86255622778928,248.62858316343954,245.1602907887299,3.468292374709648
2020-08-06,12894.240234375,12971.8701171875,12851.2001953125,12913.5,4098100.0,2.0,1.5155603708795873,2.2070180169976306,3.789038272262024,10.01810095962985,72.23281625678514,259.1772802547239,247.9636886819287,11.213591572795195
2020-08-07,12901.4296875,12912.6298828125,12791.1796875,12828.8701171875,3831300.0,2.0,0.5907864650706252,1.11716430982014,2.796875898300466,9.004460545430582,67.85862746216198,257.7372399707747,249.91839893969788,7.818841031076801
2020-08-10,12786.7998046875,12933.16015625,12786.7998046875,12894.0,3952000.0,2.0,0.5010400961780848,1.3862250296091227,3.0370360245671746,9.230987035244764,69.3946634003338,258.86737296445426,251.70819374464915,7.159179219805111
2020-08-11,12856.4599609375,12906.009765625,12780.1904296875,12780.1904296875,3726400.0,2.0,-0.49503868705335075,0.33870032454532684,1.8950317701304842,7.967268058513244,63.66872971769464,247.72392314295575,250.91133962431047,-3.187416481354717
2020-08-12,12713.6298828125,12730.9599609375,12625.5400390625,12670.349609375,3440300.0,2.0,-1.1471330223014387,-0.6246153249669484,0.8313675157434641,6.7492756727341785,58.63972724556121,227.40800473203308,246.210672645855,-18.80266791382192
2020-08-13,12758.8701171875,12812.7998046875,12717.1298828125,12763.1298828125,3631900.0,2.0,-0.1890790851774904,0.0715139721845448,1.3256386874863635,7.24443259493428,61.41228910065721,216.30070579846506,240.22867927637702,-23.927973477911962
2020-08-14,12709.9697265625,12801.3095703125,12679.1904296875,12795.4599609375,3896200.0,2.0,0.11606618018713544,0.22232939759105896,1.3353652145409844,7.232615259714237,62.35916462878234,207.71247832717017,233.72543908653566,-26.012960759365484
2020-08-17,12813.9404296875,12956.1103515625,12800.6904296875,12956.1103515625,4310300.0,2.0,1.2746165268044285,1.1296777534614666,2.2910794154050285,8.284351035561288,66.72814955850971,211.43213208667112,229.26677768656276,-17.834645599891644
2020-08-18,12974.9599609375,12981.580078125,12840.25,12872.1396484375,3911700.0,2.0,0.4738090941136308,0.34717835509090467,1.4380706464373505,7.274569402338926,62.63578331496601,205.23839011520795,224.4611001722918,-19.222710057083845
2020-08-19,12904.83984375,12950.1103515625,12778.6396484375,12778.6396484375,4459400.0,2.0,-0.42434226651909546,-0.36334072631306613,0.5802292681521992,6.2139488092648465,58.344991003042765,190.5881547801273,217.68651109385888,-27.098356313731585
2020-08-20,12764.75,12764.75,12144.759765625,12362.6396484375,6063400.0,1.0,-3.060913266578913,-3.1911386143436915,-2.6747878546223514,2.562224977344041,43.92679559717769,143.75292020386587,202.89979291586027,-59.146872711994405
2020-08-21,12462.51953125,12638.650390625,12462.51953125,12607.83984375,3778800.0,0.0,-0.846480326489496,-1.0998549556036186,-0.8629943475005342,4.366534467645433,51.52993716763532,124.98056772370364,187.31594787742895,-62.33538015372531
2020-08-24,12629.7802734375,12702.9404296875,12567.9501953125,12647.1298828125,3397300.0,0.0,-0.05174662813414166,-0.5991576949256894,-0.5770478475405683,4.446380918615334,52.63812386258459,111.9828523129072,172.2493287645246,-60.26647645161739
2020-08-25,12706.400390625,12814.5595703125,12698.849609375,12758.25,3891600.0,2.0,1.0082432548885967,0.29149170793831836,0.22892863280226106,5.101345327916085,55.721504351039144,109.387582039486,159.67697941951687,-50.28939738003086
2020-08-26,12768.9599609375,12833.2900390625,12734.6904296875,12833.2900390625,3413200.0,2.0,1.5144971734693424,0.7523252413793591,0.7028133180905893,5.465495688605793,57.72314423725191,112.09376847937529,150.16033723148854,-38.066568752113255
2020-08-27,12888.650390625,12960.6796875,12786.4501953125,12797.3095703125,4956500.0,2.0,0.5385102892960347,0.4428948952613254,0.39117367239556167,4.929878949870936,56.406463713922726,110.06634133422449,142.14153805203574,-32.07519671781125
2020-08-28,12759.2998046875,12799.16015625,12674.5703125,12728.849609375,3774200.0,2.0,-0.189102764621929,-0.04217152615455522,-0.17095447807358166,4.168020585194077,53.8877711143862,101.76239051797529,134.06570854522366,-32.303318027248366
2020-08-31,12763.4404296875,12831.3798828125,12591.4501953125,12591.4501953125,4820400.0,2.0,-1.1802047969801333,-0.8371843940564117,-1.2789002941543393,2.8754676368875964,49.14473723186789,83.13612376501078,123.87979158918108,-40.7436678241703
2020-09-01,12617.3896484375,12703.2802734375,12565.830078125,12703.2802734375,4070500.0,2.0,-0.2164481908162208,0.17674186476495102,-0.39952334771485853,3.6164647433496455,52.78711492257065,76.5163925267625,114.40711177669736,-37.89071924993486
2020-09-02,12772.4296875,12802.6103515625,12646.4697265625,12699.5,3968600.0,2.0,-0.03603511969021422,0.20947045137524878,-0.3890192202844367,3.432479909089392,52.649838678181325,70.1564514530437,105.55697971196663,-35.40052825892293
2020-09-03,12774.9697265625,12857.7900390625,12732.3203125,12757.9697265625,5711400.0,2.0,0.4864425353315438,0.3577806042788234,0.13067566617579462,3.750836795500323,54.61575535187191,69.03833960878546,98.2532516913304,-29.21491208254494
2020-09-04,12645.919921875,12655.669921875,12559.7802734375,12637.9501953125,5122000.0,2.0,-0.316136517783272,-0.609868006868064,-0.7369258283699276,2.647121837563815,50.0244951698431,57.80135672956385,90.1628726989771,-32.36151596941325
2020-09-07,12645.9296875,12725.0498046875,12575.3603515625,12601.400390625,5406000.0,2.0,-0.6200284056011252,-0.8616572702222602,-0.9101379616778149,2.2028285102259515,48.68233851341228,45.42309390918308,81.21491694101829,-35.79182303183521
2020-09-08,12637.419921875,12702.5498046875,12614.7197265625,12663.5595703125,4243200.0,2.0,-0.0672060857727863,-0.29836254085321423,-0.3756719252879459,2.535984498802657,51.08592227681837,40.16594969268226,73.00512349135109,-32.839173798668824
2020-09-09,12592.1796875,12616.5703125,12480.5,12608.580078125,4223700.0,2.0,-0.358086777494826,-0.5552880063302346,-0.7840894859753145,1.9117128446569431,48.90410752034221,31.203544451775088,64.64480768343589,-33.4412632316608
2020-09-10,12665.740234375,12708.6396484375,12650.400390625,12691.75,4738300.0,2.0,0.404266877263737,0.18408751461256312,-0.10157640416100788,2.4211284725548454,52.22795238549376,30.460758678111233,57.807997882370955,-27.347239204259722
2020-09-11,12697.4599609375,12701.7900390625,12616.6796875,12675.9501953125,4644800.0,2.0,0.21901964868837887,0.10116869718692634,-0.1789890684953166,2.1368343554963642,51.542012219621725,28.271289579191944,51.900656221735154,-23.62936664254321
2020-09-14,12680.41015625,12793.0703125,12680.41015625,12787.8203125,3515300.0,2.0,0.8063381259691749,0.8282432620944968,0.7687417996723012,2.8670050075551234,55.9530994527373,35.15782553568897,48.552090084525915,-13.394264548836944
2020-09-15,12787.419921875,12857.73046875,12773.23046875,12845.650390625,3475900.0,2.0,0.9723367362189261,1.1706478026089595,1.235011799249186,3.152995394513014,58.077571738195424,44.7658263145895,47.794837330538634,-3.0290110159491306
2020-09-16,12989.8095703125,13021.6796875,12948.7197265625,12976.759765625,3609400.0,2.0,1.4159072584248866,1.9805569441318394,2.1884923295352188,4.010409826837824,62.494272366981754,62.242177907010046,50.68430544583292,11.557872461177126
2020-09-17,12920.150390625,12972.51953125,12851.51953125,12872.740234375,3259900.0,2.0,0.31917661732756564,1.071936279028618,1.1661790429452257,3.0032548147276517,57.33337885090701,66.92730924970783,53.9329062066079,12.994403043099929
2020-09-18,12858.599609375,12927.8095703125,12841.08984375,12875.6201171875,3858100.0,2.0,0.030314159114319672,0.9062473732366572,1.0824493523617251,2.8596383493082245,57.438176012704936,70.06502606165486,57.15933017761729,12.90569588403757
2020-09-21,12874.6103515625,12952.3095703125,12795.08984375,12795.1201171875,3612600.0,2.0,-0.606361591943716,0.12336333849496395,0.3921500899308761,2.046369916884694,53.48370410628913,65.3032369421071,58.78811153051525,6.515125411591853
2020-09-22,12786.91015625,12786.91015625,12632.740234375,12645.509765625,3420700.0,2.0,-1.462152584322629,-1.0333775334245843,-0.7378094853229711,0.716041111287602,47.00638682212204,48.89356514896281,56.80920225420476,-7.915637105241956
2020-09-23,12656.2998046875,12700.8896484375,12548.0703125,12583.8798828125,3552700.0,2.0,-1.338297463414595,-1.4966653370721006,-1.1247919457977762,0.10818444523423842,44.60966810498238,30.563449130555455,51.5600516294749,-20.996602498919444
2020-09-24,12487.48046875,12487.48046875,12264.3798828125,12264.3798828125,4698500.0,1.0,-2.917160852509726,-3.675389369836035,-3.433014958260572,-2.4928966511261086,34.72491913881963,-9.633233779941293,39.32139454759166,-48.95462832753295
2020-09-25,12312.9404296875,12385.8095703125,12149.8095703125,12232.91015625,4286100.0,1.0,-2.1708412548541833,-3.5870705000834335,-3.4923734436898,-2.7847990768272046,33.92748448783306,-43.5269865121827,22.751718335636784,-66.27870484781948
2020-09-28,12282.3603515625,12462.759765625,12282.3603515625,12462.759765625,3002400.0,1.0,0.19996863791278408,-1.5232328979624787,-1.6291124614703723,-1.003555000287737,44.036211148573834,-51.25030558003891,7.951313552501645,-59.20161913254056
2020-09-29,12488.099609375,12571.33984375,12429.7197265625,12467.73046875,2887800.0,1.0,0.5273075848575504,-1.1888859241066752,-1.4983087038522247,-1.013182582084049,44.23491063900894,-56.32076664511078,-4.90310248702084,-51.41766415808994
2020-09-30,12483.650390625,12568.6796875,12466.580078125,12515.6103515625,2462100.0,0.0,1.0245824879924426,-0.445572611892453,-1.048152302359362,-0.678440308282402,46.21581792305297,-55.832040170935215,-15.088890023803716,-40.7431501471315
2020-10-05,12567.8798828125,12637.6201171875,12519.1201171875,12548.2802734375,2876800.0,0.0,0.8261814762809072,0.07257408583176694,-0.7075483334740174,-0.4659902950645778,47.58400437759867,-52.206724633664635,-22.512456945775902,-29.694267687888733
2020-10-06,12644.08984375,12706.3896484375,12644.08984375,12704.23046875,3064800.0,0.0,1.311896704251292,1.4549493474790953,0.5001052038239528,0.6870872637542158,53.645812700793414,-36.33095785294063,-25.276157127208847,-11.05480072573178
2020-10-07,12667.509765625,12774.3603515625,12619.8095703125,12746.3701171875,2873000.0,2.0,1.1902230284324355,1.8311173777829426,0.7756759970434679,0.9497493299288617,55.15499635339296,-20.11708362969148,-24.244342427705373,4.127258798013894
2020-10-08,12832.5400390625,12887.1904296875,12818.009765625,12887.1904296875,3427200.0,2.0,1.6312982259287345,2.7577309163818065,1.7990389190997824,1.973744228761798,59.858347919158895,4.048877897124839,-18.58569836273933,22.63457625986417
2020-10-12,12959.150390625,12997.7900390625,12898.8896484375,12955.91015625,3714400.0,2.0,1.4685780652667013,3.0001338232541253,2.2016701643223113,2.415796770599443,61.95529926308031,28.418097988396767,-9.18493909251211,37.60303708090888
2020-10-13,12988.4404296875,12994.66015625,12857.099609375,12947.1298828125,3354400.0,2.0,0.7702552274794883,2.3746511837527073,2.0296360798368385,2.24005807061749,61.513146488008,46.486518150491975,1.949352356088708,44.537165794403265
2020-10-14,12927.08984375,12960.0,12895.7900390625,12919.3095703125,3672900.0,2.0,0.2181920866086262,1.6032258978698533,1.712866653147871,1.9214058578695292,60.0507965372627,57.893642714521775,13.138210427775322,44.755432286746455
2020-10-15,12892.2900390625,12909.1103515625,12786.259765625,12827.8203125,3580300.0,2.0,-0.6170980450595054,0.5949055679653092,0.976678145836285,1.1127880836908632,55.38755064439515,58.87280358489261,22.28512905919878,36.58767452569383
2020-10-16,12814.16015625,12896.2998046875,12750.3701171875,12750.3701171875,3718400.0,2.0,-1.0072733128193234,-0.23358006135502096,0.4046665082483525,0.4557401883005907,51.72560243648759,52.79067411555479,28.386238070469982,24.40443604508481
2020-10-19,12803.3203125,12911.41015625,12803.3203125,12908.33984375,2971300.0,2.0,0.29327238974272696,0.6930438816064033,1.6760130160687003,1.642261147564028,57.847171967533804,60.02544346945797,34.71407915026758,25.31136431919039
2020-10-20,12889.990234375,12917.75,12862.3701171875,12862.3701171875,2623800.0,2.0,0.06790390618709452,0.08922341598989192,1.3180580746369852,1.220600415398887,55.63618587486848,61.342558725000345,40.03977506521413,21.302783659786215
2020-10-21,12889.8798828125,12942.1201171875,12846.419921875,12877.25,3419400.0,2.0,0.24927480224374854,0.07028132184132563,1.4346171174370204,1.2615679996657914,56.219492546453,62.86242533219229,44.60430511860976,18.25812021358253
2020-10-22,12854.9697265625,12917.0302734375,12827.400390625,12917.0302734375,3683000.0,2.0,0.419481464692506,0.24646901479226102,1.699137540112261,1.5306413562269583,57.81634648686409,66.51017824358496,48.9854797436048,17.52469849998016
2020-10-23,12945.1201171875,12963.259765625,12875.23046875,12898.8203125,3531700.0,2.0,0.04698917946057701,0.09611078510025628,1.4545962850799787,1.3460719089195328,56.79512164479392,67.15750710799875,52.61988521648359,14.537621891515165
2020-10-26,12923.5498046875,12971.580078125,12894.1796875,12909.0302734375,4288700.0,2.0,0.1251082214292154,0.2117973825761288,1.405232815289592,1.3774301686900081,57.25104929924088,67.71381569925506,55.63867131303788,12.075144386217183
2020-10-27,12867.76953125,12884.3203125,12821.0703125,12875.009765625,3583700.0,2.0,-0.1583379720089817,0.003687178054123663,0.8960038952684934,1.0901361136807397,55.16220457359753,64.66411593016346,57.443760236463,7.220355693700462
2020-10-28,12853.759765625,12879.98046875,12761.330078125,12793.75,3657900.0,2.0,-0.6598332084908343,-0.5304712519258459,0.039365759217901974,0.43516448733773583,50.42932634620213,55.05557650645824,56.966123490462046,-1.9105469840038083
2020-10-29,12687.6396484375,12699.8203125,12583.3701171875,12662.91015625,3741600.0,1.0,-1.286211247029856,-1.4213389827310352,-1.0611448247419997,-0.611461716570294,43.898311555146975,36.46273812313848,52.86544641699733,-16.40270829385885
2020-10-30,12651.349609375,12656.2900390625,12546.33984375,12546.33984375,3918600.0,1.0,-1.654475297280178,-2.1734375528134953,-2.002036275240282,-1.5053214477234622,39.04641737724826,12.181113456741514,44.728579824946166,-32.54746636820465
2020-11-02,12565.3203125,12594.33984375,12480.66015625,12591.3095703125,2950900.0,1.0,-0.8079044958099302,-1.5795077520854406,-1.679850355424628,-1.1249922636680676,41.72239318130839,-3.394438945926595,35.103976070771616,-38.49841501669821
2020-11-03,12641.2802734375,12760.1396484375,12641.2802734375,12736.009765625,2946900.0,1.0,0.5522307416963246,-0.35002831980561755,-0.6227869286528964,0.03452358855311477,49.417532858490766,-4.015788479258845,27.280023160765523,-31.295811640024368
2020-11-04,12766.8603515625,12885.2802734375,12736.01953125,12867.900390625,3335500.0,1.0,1.474710269788404,0.6892852736744226,0.34226307280889046,1.06528989217618,55.22136852519315,6.064352638264609,23.03688905626534,-16.972536418000733
2020-11-05,12878.009765625,12918.7998046875,12840.400390625,12918.7998046875,2946300.0,1.0,1.466595001353621,1.0861654684928945,0.6714895948367605,1.4617632818835213,57.259527062707285,17.95314178503395,22.020139602019064,-4.066997816985115
2020-11-06,12952.490234375,12999.16015625,12927.2998046875,12973.5302734375,3215100.0,1.0,1.217243543991664,1.4551076119959427,1.063985476644369,1.8658260734327525,59.39945934781057,31.429089287088573,23.901929539032967,7.527159748055606
2020-11-09,13053.98046875,13149.900390625,13048.669921875,13127.4697265625,3696600.0,1.0,1.5685244200428938,2.483872843209922,2.194886752876979,3.0129082194747525,64.7460180588699,53.90907188941492,29.903358009109358,24.00571388030556
2020-11-10,13090.650390625,13142.2197265625,13022.919921875,13081.7197265625,4774300.0,1.0,0.6759775775520449,1.9621692315007655,1.785408423981072,2.611147312849038,62.127519263457785,67.25767282412198,37.374220972111885,29.883451852010097
2020-11-11,13067.0400390625,13262.1904296875,13067.0400390625,13262.1904296875,5109800.0,1.0,1.4491866940632425,2.9927615803278185,3.0521387107426357,3.9632994433579594,67.68026078400321,91.34603251998487,48.16858328168648,43.177449238298394
2020-11-12,13324.8603515625,13324.8603515625,13193.740234375,13221.7802734375,3935700.0,1.0,0.6734174276279425,2.2352268408296405,2.581125367300663,3.6105578822092532,65.36912799793379,105.95409636979093,59.72568589930737,46.22841047048356
2020-11-13,13221.7998046875,13273.330078125,13170.1201171875,13273.330078125,3526400.0,1.0,0.6066112579709237,2.0601134277587807,2.772580464958052,3.960047608049777,66.92093353670118,120.30394168166458,71.84133705577881,48.462604625885774
2020-11-16,13356.740234375,13551.830078125,13356.740234375,13551.830078125,3858000.0,1.0,2.060976463792019,3.437587559409949,4.668197060359169,6.034308600490479,73.7615458023003,152.3922371062763,87.9515170658783,64.44072004039799
2020-11-17,13723.76953125,13780.1201171875,13593.009765625,13593.009765625,4123400.0,1.0,1.5887506635741566,3.077643953361986,4.6908582683601985,6.1861400118274235,74.5980186597739,179.08096514998942,106.17740668270054,72.90355846728889
2020-11-18,13628.419921875,13773.2900390625,13608.7197265625,13773.2900390625,4140300.0,1.0,2.155674398508567,3.732538055756218,5.71456846373688,7.431442542341138,77.9171110460581,212.33146089834008,127.40821752582845,84.92324337251164
2020-11-19,13775.259765625,13785.919921875,13700.0400390625,13722.4296875,3973800.0,1.0,1.0281531402149158,2.7277294309876243,4.999659802808321,6.885319025832692,74.94206799546123,231.9054513355277,148.3076642877683,83.5977870477594
2020-11-20,13702.58984375,13726.2197265625,13666.0703125,13716.4404296875,3869400.0,1.0,0.3294500174634729,2.114979336483147,4.626551236382248,6.70593595099831,74.5809354965563,244.12062611084002,167.47025665238263,76.65036945845739
2020-11-23,13793.5498046875,13921.16015625,13793.5498046875,13878.009765625,4442800.0,0.0,1.0291735820053383,2.743730512305076,5.469201109625188,7.816808017109711,77.70247083531689,263.79764025618897,186.7357333731439,77.06190688304508
2020-11-24,13918.83984375,13951.169921875,13798.3203125,13807.1298828125,5153400.0,1.0,0.200805560983075,1.672951222220842,4.560187571578456,7.126078898549171,73.44158898674699,270.5536277496267,203.49931224844045,67.05431550118624
2020-11-25,13860.9501953125,13893.2001953125,13731.8095703125,13738.830078125,5163800.0,1.0,-0.24496441550734271,0.8161525503869616,3.6719685253629564,6.457121426903489,69.48744775220727,267.3151306511845,216.26247592898926,51.05265472219526
2020-11-26,13763.7900390625,13856.759765625,13763.7900390625,13845.66015625,4596800.0,1.0,0.35112953622771226,1.1370650524709092,4.01394034691771,7.111416149285477,72.02459280321789,270.2535778387173,227.06069631093487,43.19288152778245
2020-11-27,13833.2099609375,13885.009765625,13811.8095703125,13867.08984375,4863800.0,1.0,0.28744420182715835,0.8561690768702723,3.660668703768888,7.116463902112247,72.5182417906014,271.18545793904923,235.88564863655773,35.2998093024915
2020-11-30,13917.650390625,13969.3896484375,13722.8896484375,13722.8896484375,7445200.0,1.0,-0.5322453658172299,-0.3166262385530194,2.1506875550462823,5.86311028481008,64.29649954421411,257.32198137803607,240.1729151848534,17.149066193182676
2020-12-01,13810.5498046875,13885.669921875,13749.7099609375,13885.669921875,6561000.0,1.0,0.5331729168402077,0.651838544691552,2.9219981682843565,6.963765544346212,68.62135314876045,256.51315994344804,243.44096413657232,13.072195806875726
2020-12-02,13970.509765625,13995.7001953125,13894.7001953125,13989.1396484375,6589100.0,1.0,0.9165270613563647,1.2434439633971728,3.259843480903224,7.574197648535086,71.02402715983308,261.21023632368815,246.99481857399547,14.215417749692676
2020-12-03,13988.490234375,14049.580078125,13940.0703125,13977.08984375,6081000.0,1.0,0.6387648483688668,0.9701431151218021,2.7694968233525685,7.292365389975264,70.34846293697886,260.95228911007325,249.78631268121103,11.165976428862223
2020-12-04,14010.169921875,14149.5595703125,14010.169921875,14132.4404296875,6852600.0,1.0,1.369976490540381,1.7865057080860058,3.4709001774173576,8.281394299026058,73.8075046191945,270.1690177883247,253.86285370263377,16.306164085690938
2020-12-07,14230.0,14306.8701171875,14142.01953125,14256.599609375,8157200.0,1.0,1.4835487706502226,2.401519936185803,3.9502582470479553,9.003293125284252,76.19742358005804,284.2156882915024,259.9334206204075,24.28226767109487
2020-12-08,14251.9404296875,14367.0,14184.580078125,14360.400390625,6401000.0,2.0,1.5361970443752426,2.738810347588627,4.221263633980188,9.563961528201737,78.00438499664494,300.26239344879104,267.9992151860842,32.263178262706845
2020-12-09,14336.6904296875,14427.41015625,14336.6904296875,14390.1396484375,6287100.0,2.0,1.1727606498289633,2.4740786288372396,4.011371672369113,9.55206261934305,78.50779299673411,311.7851671331464,276.7564055754966,35.02876155764977
2020-12-10,14295.150390625,14319.3798828125,14191.849609375,14249.490234375,6332100.0,1.0,-0.19837650218033076,1.1815251791106096,2.613643374895691,8.280480788569333,70.31174716812659,306.0399776770646,282.6131199958102,23.426857681254376
2020-12-11,14298.58984375,14353.169921875,14081.419921875,14261.6904296875,6398300.0,1.0,-0.2934467184708467,0.9852002658950143,2.3373120464387442,8.179181243381638,70.59847837064628,299.0243607472039,285.89536814608897,13.12899260111493
2020-12-14,14238.919921875,14270.33984375,14182.25,14211.0498046875,5733400.0,1.0,-0.584168602124302,0.2799927304470984,1.7333141319512135,7.627114578369443,67.67670530561486,286.0804017765495,285.9323748721811,0.14802690436840749
2020-12-15,14206.330078125,14256.5498046875,14053.349609375,14068.51953125,6314600.0,1.0,-1.1776924906780728,-0.8536952985193635,0.5418509675952476,6.3870869415689535,60.13343149174182,261.30901151932267,281.0077022016094,-19.698690682286724
2020-12-16,14145.240234375,14339.5,14145.240234375,14304.4599609375,4861300.0,1.0,0.6007294218339787,0.585548638586797,2.0343552031990786,7.976836300268753,66.74186452918146,257.74480543509344,276.3551228483062,-18.610317413212783
2020-12-17,14326.16015625,14338.400390625,14213.490234375,14258.9296875,4300900.0,1.0,0.26721040748134417,0.06707463923385504,1.5153422734065503,7.435300684970114,64.51926298530317,248.38302893608125,270.7607040658612,-22.37767512977996
2020-12-18,14268.1298828125,14329.1201171875,14245.599609375,14249.9599609375,5686900.0,1.0,0.2206701619547724,-0.07828250355197408,1.259174066525559,7.1518263499515955,64.06661697459258,237.50219418758388,264.10900209020576,-26.60680790262188
2020-12-21,14273.7900390625,14384.9599609375,14166.8896484375,14384.9599609375,6280700.0,1.0,0.9232495838805033,0.7776398441901478,2.034691811424838,7.923348495597793,67.73549712644412,237.0399767158251,258.69519701532965,-21.65522029950455
2020-12-22,14348.1103515625,14411.9296875,14175.6904296875,14177.4599609375,8023200.0,1.0,-0.6843635168775841,-0.548595607397584,0.4309566215097149,6.112739324807714,57.942769333860596,217.42382369133156,250.44092235053003,-33.01709865919847
2020-12-23,14180.7001953125,14247.7900390625,14134.8701171875,14223.08984375,5537300.0,1.0,-0.2510017571972223,-0.11146244321944554,0.5816729328598003,6.190630226843652,59.335039913902534,203.21726911084625,240.99619170259328,-37.77892259174703
2020-12-24,14256.2900390625,14324.419921875,14256.2900390625,14280.2802734375,5380500.0,1.0,0.12010161456270652,0.26850319328253214,0.8311546784511181,6.377033360561524,61.074351998326115,194.33311083498484,231.66357552907158,-37.33046469408674
2020-12-25,14306.98046875,14400.830078125,14296.9697265625,14331.419921875,5375300.0,1.0,0.3640053281909639,0.5783350178889979,1.026633332284077,6.511533440829131,62.61421719901449,189.23748173825516,223.1783567709083,-33.94087503265314
2020-12-28,14363.4501953125,14483.0703125,14363.4501953125,14483.0703125,6279800.0,1.0,1.2868412169896093,1.448951083622263,1.822842502837596,7.376922095096727,66.8075269439684,195.18609429935714,217.57990427659806,-22.39380997724092
2020-12-29,14500.91015625,14547.0703125,14435.0302734375,14472.0498046875,7396000.0,1.0,0.7944554686670768,1.0860272956261907,1.5360704551181659,7.040767144353577,66.22619654281465,196.7432164029342,213.41256670186527,-16.66935029893108
2020-12-30,14485.9697265625,14695.4404296875,14476.6904296875,14687.7001953125,6211900.0,1.0,1.6386247675977295,2.318430562251028,2.7971660588246294,8.370823605075906,71.45966928804222,212.9239760906039,213.314848579613,-0.390872489009098
2020-12-31,14704.5302734375,14760.0595703125,14646.330078125,14732.5302734375,5881100.0,1.0,1.3147068047428823,2.293240123084317,2.839059045211867,8.436746260409045,72.41656002776902,226.75091397449614,216.00206165858964,10.748852315906504
2021-01-04,14720.25,14937.1298828125,14720.25,14902.0302734375,6487600.0,1.0,1.682334293822918,3.0037837946678136,3.743580178563044,9.413893758114721,75.72985842517811,248.52129648780829,222.50590862443337,26.01538786337491
2021-01-05,14913.6396484375,15000.0302734375,14861.990234375,15000.0302734375,6302200.0,1.0,1.634014930509542,3.2422414401919397,4.156294640244185,9.858630942358593,77.41874779271362,270.5633762747293,232.11740215449257,38.44597412023674
2021-01-06,15145.849609375,15197.6796875,14837.0,14983.1298828125,7787000.0,1.0,0.8212436027501768,2.5572122986182277,3.814492120055979,9.462812765557583,76.43098267412705,283.4012893767376,242.37417959894157,41.027109777796056
2021-01-07,15059.51953125,15270.400390625,15049.8603515625,15214.0,5878900.0,1.0,1.6547518689133733,3.435915383693078,5.114122433390178,10.839795337742109,80.15574095791845,308.6468284844159,255.62870937603643,53.018119108379466
2021-01-08,15365.1298828125,15463.9501953125,15275.3798828125,15463.9501953125,6192800.0,1.0,2.3246920880116706,4.295942967556621,6.394672503670362,12.301316120626371,83.24330169722981,344.84780116083675,273.47252773299647,71.37527342784028
2021-01-11,15425.580078125,15557.2998046875,15395.73046875,15557.2998046875,5319100.0,1.0,2.057362340637736,4.065135874370407,6.561986337218428,12.596699450660953,84.23015319512248,376.72718960491875,294.12346010738094,82.60372949753781
2021-01-12,15549.5302734375,15642.0302734375,15421.23046875,15500.7001953125,6399400.0,1.0,1.022458686468486,2.9855019093079083,5.7074080790003645,11.83733554680273,81.11105521190024,392.8956625428182,313.8779005944684,79.0177619483498
2021-01-13,15550.16015625,15778.51953125,15550.16015625,15769.98046875,5900400.0,2.0,1.7340243103624475,3.8787963247766344,6.923446899732122,13.383754604176357,84.12334193677052,422.5668735513682,335.6156951858483,86.95117836551987
2021-01-14,15651.2001953125,15760.150390625,15620.9599609375,15707.1904296875,5571500.0,2.0,0.688252697158287,2.775004344762255,5.993677426550192,12.550628857261703,80.8842485977827,435.98907993141256,355.6903721349612,80.29870779645137
2021-01-15,15987.16015625,16041.58984375,15615.1103515625,15616.3896484375,6418300.0,2.0,-0.08907346724796872,1.5933383689575864,4.900486142360583,11.540415130873672,76.30848785019235,434.29314990231615,371.4109276884322,62.88222221388395
2021-01-18,15676.4501953125,15676.4501953125,15320.9697265625,15612.0,5431000.0,1.0,-0.18701922429158468,1.0978356577994397,4.393437217376528,11.150066757565714,76.08439922794946,427.66504872322366,382.66175189539047,45.003296827833196
2021-01-19,15716.6396484375,15928.1396484375,15716.6396484375,15877.3701171875,5516500.0,2.0,1.023021049331585,2.235444610856163,5.64078517644393,12.642627218037905,79.92285005643355,438.76754234746113,393.8829099858046,44.88463236165654
2021-01-20,15934.849609375,16004.3203125,15745.48046875,15806.1796875,7303000.0,2.0,0.5237510963314707,1.2405031718424997,4.600352105547856,11.750250574587383,76.38112363877838,436.7868686894126,402.4637017265262,34.323166962886376
2021-01-21,15775.73046875,16238.4599609375,15775.73046875,16153.76953125,5268500.0,2.0,2.154080060436292,2.8477828118173676,6.222013046257535,13.75733019128873,80.84453483517355,457.98539545373933,413.56804047196886,44.41735498177047
2021-01-22,15984.8896484375,16138.0400390625,15973.01953125,16019.0302734375,5023800.0,2.0,0.788743897279276,1.6307537389007143,4.737256087378561,12.365860600214674,74.933097287689,458.62629021050634,422.57969041967635,36.04659979082999
2021-01-25,16006.2099609375,16014.9599609375,15772.6298828125,15946.5400390625,4667900.0,2.0,-0.08795352327993777,0.9216238403914723,3.715666916683813,11.414489023724173,71.88754454194478,448.11920854318123,427.6875940443773,20.431614498803924
2021-01-26,15955.16015625,16023.8701171875,15589.2099609375,15658.849609375,4526600.0,2.0,-1.621073469176304,-0.9981859163601392,1.4566091053996644,9.015063638525067,61.24816885104697,411.83072898780483,424.51622103306283,-12.685492045258002
2021-01-27,15711.759765625,15837.4697265625,15642.1201171875,15701.4501953125,4293000.0,2.0,-1.2234437349944782,-0.6858165824691564,1.3290572111563925,8.93680964328838,62.14167738294957,382.10469369598286,416.03391556564685,-33.92922186966399
2021-01-28,15519.849609375,15557.01953125,15367.4501953125,15415.8798828125,5142300.0,2.0,-2.1111425462826294,-2.3120961326747347,-0.7470756565315595,6.641320916365379,53.27410390562112,331.6800577129761,399.1631439951127,-67.48308628213658
2021-01-29,15544.3603515625,15603.41015625,15138.3095703125,15138.3095703125,5546700.0,1.0,-2.786350841883334,-3.779512284649833,-2.661323330698284,4.453899725912791,46.35065709485163,266.25138570107083,372.58079233630434,-106.32940663523351
2021-02-01,15176.5595703125,15429.98046875,15089.9599609375,15410.08984375,4413200.0,1.0,-0.354518428677697,-1.9261879139130467,-1.0753714537855896,6.032070545846069,52.81651062242252,233.63587946224288,344.79180976149206,-111.15593029924918
2021-02-02,15546.6904296875,15838.150390625,15546.6904296875,15760.0498046875,4965800.0,1.0,1.7752094186773926,0.37599455528825043,0.924983811597424,8.113642432071334,59.57295978158017,233.3369369343909,322.5008351960718,-89.16389826168091
2021-02-03,15828.6396484375,15896.400390625,15741.16015625,15771.3203125,5015900.0,1.0,1.7561658734748686,0.4700829454795219,0.742910904930949,7.8592796698129685,59.77274285406323,231.34268415904262,304.269204988666,-72.92652082962337
2021-02-04,15697.75,15801.3701171875,15606.740234375,15706.2197265625,4217800.0,1.0,0.9578966367971731,0.3414461937204738,0.1695911342665557,7.115660825053127,57.99009063018459,221.95064240375177,287.8054924716831,-65.85485006793135
2021-02-05,15805.759765625,15938.08984375,15774.33984375,15802.400390625,4311100.0,1.0,0.7162795429149327,1.0958239232636169,0.6743482324273131,7.456408138662174,59.893222014430634,219.7353846870301,274.19147091475253,-54.45608622772244
2021-02-17,16197.4501953125,16406.779296875,16197.4501953125,16362.2900390625,5847800.0,2.0,3.0341319085277485,4.400037774715337,3.9746932754662234,10.875505139128915,68.76416036801747,260.159238662538,271.3850244643096,-11.225785801771622
2021-02-18,16366.23046875,16517.73046875,16323.2197265625,16424.509765625,5808600.0,2.0,2.567618698765739,4.2875548280628895,4.0646212126567605,10.937204668115253,69.5696664853756,293.8289686692733,275.87381330530235,17.95515536397096
2021-02-19,16376.91015625,16382.7001953125,16211.25,16341.3798828125,5567600.0,2.0,1.3270611085347106,3.339826604512486,3.350832643321988,10.03527464476397,67.0806560724118,310.2284648471232,282.7447436136665,27.483721233456663
2021-02-22,16445.869140625,16579.169921875,16410.16015625,16410.16015625,6377000.0,2.0,0.8729457647287608,3.126358523290551,3.5556323862077965,10.172382213131637,68.09765572076,325.0284513023089,291.201485151395,33.826966150913904
2021-02-23,16320.8798828125,16467.75,16211.75,16443.400390625,6508000.0,2.0,0.28696843721227605,2.4946320411713074,3.4953319099554125,10.060454313275091,68.60249098944085,335.57149697885325,300.07548751688665,35.496009461966594
2021-02-24,16329.5400390625,16456.939453125,16212.5302734375,16212.5302734375,6503200.0,2.0,-0.9401325706106967,0.5526381229931321,1.8497436818036173,8.21385112285089,61.3418899671101,321.5905519414864,304.3785004018066,17.212051539679806
2021-02-25,16376.7998046875,16474.05078125,16322.26953125,16452.1796875,6958100.0,2.0,0.4901658447846957,1.6028309159379805,3.1689861303471956,9.499872259057884,65.43170761971781,326.0893026557551,308.7206608525963,17.368641803158766
2021-02-26,16190.0400390625,16190.0400390625,15953.7998046875,15953.7998046875,7625000.0,0.0,-2.0903743853937673,-1.58589228859225,-0.002558286177056779,5.930585798465793,52.89819048890032,286.1410477185782,304.2047382257927,-18.063690507214517
2021-03-02,16127.8701171875,16262.91015625,15946.8798828125,15946.8798828125,6314300.0,0.0,-1.5731510424800588,-1.774400850104474,0.018918916700672028,5.626538727000652,52.74710987384008,251.029674182686,293.56972541717136,-42.54005123448536
2021-03-03,15992.3203125,16211.73046875,15884.5498046875,16211.73046875,5473300.0,2.0,0.34852966552170184,-0.39417556910679163,1.6186542572036888,7.101067765093383,57.72387896089038,241.78770833410817,283.2133220005587,-41.425613666450545
2021-03-04,16091.75,16091.75,15840.990234375,15906.41015625,5822900.0,1.0,-1.166816889003497,-1.9955757416750597,-0.2826183027868523,4.8485720530101695,51.048967349311525,207.43540009565913,268.0577376195788,-60.62233752391967
2021-03-05,15759.580078125,15934.4296875,15636.4296875,15855.23046875,4705600.0,1.0,-0.7485515403963361,-1.9670584802818025,-0.6646106085684167,4.2669619934104785,50.00513387236292,174.07455218695213,249.26110053305348,-75.18654834610135
2021-03-08,15943.3701171875,16074.9697265625,15816.5,15820.1103515625,4746800.0,1.0,-0.8023660285156442,-1.8679255032346798,-0.9214720524738373,3.8158943428217906,49.260764632011224,143.1517753638982,228.03923549922243,-84.88746013532423
2021-03-09,15715.0703125,15864.259765625,15657.919921875,15853.08984375,5441900.0,1.0,-0.4785166067341362,-1.3223728564438986,-0.8506711361897623,3.820663373914268,50.01325572999672,119.92401198342486,206.41619079606292,-86.49217881263806
2021-03-10,15921.4501953125,15986.0703125,15857.3203125,15911.669921875,4340600.0,1.0,0.2669794364062339,-0.628846370283298,-0.7243841044930366,3.984728828803008,51.39222273948225,105.03202112854342,186.13935686255903,-81.1073357340156
2021-03-11,15947.2099609375,16216.2197265625,15947.2099609375,16179.5595703125,5113400.0,1.0,1.6053041331804296,1.0649812707443251,0.7052893692390594,5.50018742435634,57.206167210097256,113.53767522154521,171.61902053435625,-58.08134531281104
2021-03-12,16241.5498046875,16298.0302734375,16166.349609375,16255.1796875,4907000.0,1.0,1.5699764999008936,1.6624403470109073,1.0203040366126626,5.763557927262997,58.70758480179423,124.94014660598805,162.28324574868262,-37.34309914269457
2021-03-15,16256.580078125,16281.91015625,16194.91015625,16249.330078125,4681700.0,1.0,0.9917127420901339,1.4383681853825658,0.83417846544378,5.509375275997286,58.536496135542194,131.98325196723454,156.223246992393,-24.239995025158464
2021-03-16,16253.9296875,16340.66015625,16244.990234375,16313.16015625,5049000.0,2.0,0.8119024877915049,1.6045114178254272,1.0399969459380598,5.703855778637457,59.909438662067785,141.08912989878263,153.19642357367093,-12.107293674888297
2021-03-17,16312.98046875,16349.2099609375,16166.349609375,16215.8203125,4911400.0,1.0,-0.16493438247872083,0.9956695027564466,0.3086694994950401,4.850473075010497,56.81960891183907,138.85050963263166,150.32724078546306,-11.476731152831405
2021-03-18,16264.6103515625,16410.01953125,16264.6103515625,16287.83984375,5694800.0,2.0,0.14494246529386245,1.2038003496210647,0.777377584617911,5.086690836137664,58.52404237127543,141.25941066761152,148.51367476189276,-7.25426409428124
2021-03-19,16186.4599609375,16186.4599609375,16022.169921875,16070.240234375,6753400.0,1.0,-0.9677401805486152,-0.28146495088610113,-0.45987731382753916,3.4759016001247867,51.86298066308145,124.17855904210955,143.64665161793613,-19.468092575826574
2021-03-22,16065.5,16235.6298828125,15983.76953125,16189.2197265625,7093200.0,1.0,-0.16056686392856845,0.22726366943530696,0.32436682523224736,4.005306618218829,54.88651040866258,118.87222670042502,138.69176663443392,-19.8195399340089
2021-03-23,16250.2001953125,16351.3798828125,16166.2900390625,16177.58984375,7291400.0,1.0,-0.06518443217630177,-0.04554285783242573,0.32459225964571736,3.7225652258791264,54.525992749152174,112.43243462203463,133.43990023195406,-21.00746560991942
2021-03-24,15994.9599609375,16125.5400390625,15967.9501953125,16032.1201171875,5549900.0,1.0,-0.738523109533662,-1.018001970741833,-0.45057948325575303,2.5954885295113694,50.09372284624221,94.50130953999542,125.65218209356233,-31.150872553566913
2021-03-25,16010.5400390625,16146.580078125,15944.9599609375,16060.1396484375,5947800.0,1.0,-0.2838858663321675,-0.7718493833425932,-0.2293917668797163,2.5767541895660884,50.921262711547065,81.6109455493388,116.84393478471762,-35.232989235378824
2021-03-26,16140.3701171875,16325.6201171875,16140.3701171875,16305.8798828125,5404200.0,1.0,0.9465123208856507,0.7149162480632132,1.3432768241427029,3.9337797688395293,57.56692596759879,90.18482783672334,111.51211339511876,-21.327285558395417
2021-03-29,16411.669921875,16520.890625,16411.669921875,16475.970703125,6897800.0,1.0,1.6386495497466624,1.623240204985632,2.234520470624246,4.7621329051035,61.45717810304681,109.44300813995505,111.09829234408602,-1.6552842041309646
2021-03-30,16490.310546875,16556.189453125,16438.400390625,16554.900390625,5851100.0,1.0,1.652348712914442,1.9580517779777207,2.5308698806245644,5.00452607851769,63.145695968382,129.58049760100403,114.79473339546962,14.785764205534406
2021-03-31,16529.23046875,16550.19921875,16427.19921875,16431.130859375,5865500.0,1.0,0.40039195199477184,1.0617689282204523,1.695224221505276,3.9830496973314977,58.79591534825609,134.00767918614474,118.63732255360465,15.370356632540094
2021-04-01,16538.279296875,16602.470703125,16496.16015625,16571.279296875,5687600.0,1.0,0.6281766105537656,1.7463921981619057,2.352039059621558,4.622800210150824,61.98887561090062,147.12904804417667,124.33566765171905,22.79338039245762
2021-04-07,16771.349609375,16816.33984375,16715.3203125,16815.359375,6682200.0,1.0,1.482409657822914,2.77483301392365,3.5525486428088504,5.903895961014305,66.81233568826057,175.20341394526622,134.50921691042848,40.69419703483774
2021-04-08,16786.560546875,16926.720703125,16735.779296875,16926.439453125,7382600.0,2.0,1.6003627177136215,2.989693189698217,3.8827263328134576,6.329545506933787,68.75550232375018,204.06346851654416,148.42006723165161,55.64340128489255
2021-04-09,16974.279296875,17016.130859375,16815.58984375,16854.099609375,8624700.0,1.0,0.8040706378301676,2.1291485385276587,3.1219895257847963,5.635517315810401,66.04350328086515,218.5784129838812,162.45173638209752,56.126676601783686
2021-04-12,16908.55078125,16979.349609375,16793.5390625,16859.69921875,9009000.0,1.0,0.3232526906557842,1.6533088716902178,2.857935656919741,5.4363281791499185,66.15479020319634,227.90629087300476,175.54264728027897,52.36364359272579
2021-04-13,16872.400390625,17041.369140625,16802.220703125,16824.91015625,10350300.0,1.0,-0.18504519644917394,0.9779353347066699,2.4440244129276367,5.008308316006027,64.73530097064145,229.84203875339517,186.4025255749022,43.43951317849297
2021-04-14,16869.779296875,16935.390625,16559.5703125,16865.970703125,10140000.0,1.0,-0.0015007805100775151,0.8852430866630012,2.5034298423409984,5.060658125553985,65.67155064510489,232.01485306847826,195.5249910736174,36.48986199486086
2021-04-15,16851.060546875,17076.73046875,16851.060546875,17076.73046875,7006700.0,2.0,1.0679771867340815,1.780173982411415,3.524040567308817,6.142804671226454,70.06476003244863,247.88590139290318,205.99717313747456,41.88872825542862
2021-04-16,17028.349609375,17158.810546875,16998.91015625,17158.810546875,7912900.0,2.0,1.1887931982529354,1.902596212248131,3.755677905236987,6.4385423955724885,71.58965176927367,264.04327139616726,217.6063927892131,46.43687860695417
2021-04-19,17141.25,17294.150390625,17135.51953125,17263.279296875,10158100.0,2.0,1.3225722088481495,2.0188417007383386,4.057839438410649,6.887739094990408,73.44384416695566,282.0268288471998,230.49048000081044,51.53634884638936
2021-04-20,17231.580078125,17323.869140625,17175.01953125,17323.869140625,9165400.0,2.0,1.0861245177342216,1.923597954013112,4.098017338138726,7.067705400486357,74.48397823363608,297.7359075043096,243.93956550151026,53.79634200279932
2021-04-21,17282.759765625,17282.759765625,17167.390625,17202.109375,9427000.0,2.0,-0.01656726120741192,0.9774687026461004,3.016047708509695,6.129189501067001,68.6637466706122,296.9375586814822,254.53916413750466,42.39839454397753
2021-04-22,17302.73046875,17428.150390625,17066.169921875,17096.970703125,14999500.0,2.0,-0.6510375879637875,0.25993493357232555,2.108878727380503,5.336800956474197,64.01233842455453,284.5410373894483,260.5395387878934,24.001498601554943
2021-04-23,17117.490234375,17300.26953125,17055.48046875,17300.26953125,9329900.0,2.0,0.3653119879679423,1.1873691717884105,2.9778136846698944,6.415272298302166,68.46129251631406,287.8036005878348,265.99235114788166,21.811249439953144
2021-04-26,17378.359375,17572.2890625,17378.359375,17572.2890625,9298000.0,2.0,1.5792005094195094,2.3517935321921035,4.119710079592109,7.8721854429701255,73.23001752650245,308.7794904801558,274.5497790143365,34.22971146581932
2021-04-27,17586.01953125,17630.189453125,17489.7109375,17595.900390625,9687900.0,2.0,1.3967929754836073,2.0311271519192653,3.7873941657870613,7.798322607784058,73.60310972474107,323.57826240599024,284.35547569266726,39.22278671332299
2021-04-28,17610.720703125,17628.810546875,17497.740234375,17567.529296875,10510700.0,2.0,0.8087496490580159,1.4538968326074597,3.2359254535747617,7.4390992843849535,72.29921653367846,329.22201911533557,293.3287843772009,35.89323473813465
2021-04-29,17646.9296875,17709.23046875,17548.30078125,17566.66015625,10991600.0,2.0,0.26329380202994024,1.1626495529921899,2.9010479772233477,7.241344462941668,72.25698621566625,329.8226147880123,300.6275504593632,29.195064328649096
2021-05-03,17505.51953125,17546.939453125,17222.349609375,17222.349609375,11037100.0,2.0,-1.6143785793037324,-0.8564388716780669,0.6873328832277315,5.02520113732241,57.84293551171533,299.0681362647447,300.3156676204395,-1.2475313556948322
2021-05-04,17249.560546875,17328.55078125,16647.609375,16933.779296875,12968600.0,2.0,-2.551983844532313,-2.3323874285519186,-1.1449907067047738,3.1695251628522714,49.01737565600299,248.54470923067856,289.9614759424873,-41.41676671180875
2021-05-05,16968.75,17052.19921875,16843.439453125,16843.439453125,8435500.0,2.0,-2.2250980284025945,-2.5834984609626077,-1.7504207555424922,2.525753769590988,46.619262313674675,198.92181209024784,271.75354317203943,-72.83173108179159
2021-05-06,16925.51953125,17088.73046875,16764.7109375,16994.359375,9028200.0,2.0,-0.6881568139499694,-1.5923890468185653,-0.9218138104924223,3.3044367794037743,50.93763434491034,169.8157546843213,251.3659854744958,-81.55023079017451
2021-05-07,17032.23046875,17285.0,17032.23046875,17285.0,8356000.0,2.0,1.3439102672523795,-0.018264625169539528,0.6674202231493842,4.902868859312437,57.98649364740388,168.2616484012251,234.74511805984167,-66.48346965861657
2021-05-10,17274.23046875,17304.470703125,17188.150390625,17235.609375,9059300.0,2.0,1.0386172531921423,-0.2666534481979399,0.26837708813058914,4.410931552753317,56.500904747411596,161.1865392232903,220.0334022925314,-58.846863069241095
2021-05-11,17137.189453125,17137.189453125,16460.869140625,16583.130859375,12909700.0,2.0,-2.3850342105696365,-3.4898024015964646,-3.44975321306642,0.3119766358849585,41.40826491959525,101.75691068105152,196.37810397023543,-94.6211932891839
2021-05-12,16515.880859375,16552.630859375,15165.26953125,15902.3701171875,13913300.0,2.0,-5.343564333909445,-6.530447475442013,-7.163955118749632,-3.8536882287540597,31.849100230575665,-0.27008724797997274,157.04846572659235,-157.31855297457233
2021-05-13,15668.330078125,16031.9296875,15368.5400390625,15670.099609375,10615100.0,2.0,-5.2321120139714905,-6.8568838120603655,-8.199475654236155,-5.249415993070594,29.358780167483566,-98.73139294667271,105.89249399193935,-204.62388693861206
2021-05-14,15819.240234375,16075.48046875,15702.099609375,15827.08984375,9406800.0,2.0,-2.5645089726654136,-4.940820470798835,-6.939135974251409,-4.305539520229951,33.16277287476296,-162.2248599918421,52.26902319518306,-214.49388318702515
2021-05-17,15554.990234375,15719.740234375,15159.8603515625,15353.8896484375,9443500.0,1.0,-3.235748041331721,-6.736289930912154,-9.239877553134146,-7.133651971578758,28.228470168770485,-247.86990120609698,-7.758761685072955,-240.11113952102403
2021-05-18,15564.9599609375,16153.76953125,15564.9599609375,16145.98046875,7546900.0,1.0,2.3200074620311373,-1.4533386128431247,-4.241436337564863,-2.3765879320586714,43.40762582508661,-248.959256648679,-55.99886067779417,-192.96039597088483
2021-05-19,16112.2099609375,16273.98046875,16009.759765625,16132.66015625,8707800.0,1.0,1.9380595053121397,-1.1056125764772995,-3.9812588246749936,-2.434549693249144,43.24200104643507,-248.0381867629676,-94.40672589482887,-153.63146086813873
2021-05-20,16122.51953125,16154.080078125,15943.4501953125,16042.3603515625,8178100.0,1.0,0.8928347254714142,-1.0818883287658787,-4.18803043407544,-2.9432705820601313,42.07010272766652,-251.69330803256162,-125.86404232237541,-125.8292657101862
2021-05-21,16136.8603515625,16431.140625,16136.8603515625,16302.0595703125,7531400.0,1.0,1.9172369695335867,1.1323818184003631,-2.4053254030529048,-1.3681724643435866,46.556021871502026,-230.97196043144686,-146.8856259441897,-84.08633448725715
2021-05-24,16246.51953125,16397.58984375,16136.9697265625,16338.2900390625,7333500.0,1.0,0.9017878334428575,1.924522489955094,-1.905963051998849,-1.1418039474024533,47.17064931676564,-209.21494744844858,-159.35149024504148,-49.86345720340711
2021-05-25,16444.75,16657.599609375,16444.75,16595.669921875,9038500.0,1.0,1.9251806260680127,3.5220591030755033,-0.06769142571403375,0.40010907953489383,51.442850398235095,-169.25291018671487,-161.33177423337617,-7.921135953338705
2021-05-26,16645.169921875,16706.2890625,16523.23046875,16643.689453125,6816100.0,1.0,1.582452616487795,3.3437104301028198,0.5096146504784294,0.6468617231829343,52.21920087243791,-132.1841957630022,-155.50225853930138,23.318062776299172
2021-05-27,16591.69921875,16601.609375,16419.419921875,16601.609375,8532000.0,1.0,0.6386034148121,2.4896362471010347,0.5487524346739603,0.3772800301420576,51.44299981850838,-104.99219843516039,-145.40024651847318,40.40804808331279
2021-05-28,16690.0390625,16889.009765625,16690.0390625,16870.859375,8549300.0,1.0,1.5703514212479952,3.4850196644036435,2.395238135641198,1.9110508628253475,55.95439097626914,-61.01280225596565,-128.52275766597168,67.50995541000603
2021-05-31,16948.470703125,17113.330078125,16939.91015625,17068.4296875,9490500.0,0.0,1.8642704925729614,3.6072784127430424,3.642773803765298,2.9882159969826683,58.96699865137375,-10.100113058520947,-104.83822874448154,94.7381156859606
2021-06-01,17098.490234375,17184.30078125,17060.44921875,17162.380859375,7821200.0,2.0,1.7367969099363778,3.5387730870682033,4.140983612978588,3.456197155657126,60.35562911135081,37.3985273803155,-76.39087751952214,113.78940489983763
2021-06-02,17192.91015625,17274.66015625,17056.419921875,17165.0390625,9368700.0,2.0,1.1274842858003842,2.913838739055885,4.0555833822824905,3.3415436498793527,60.39646650205501,74.39841825968324,-46.23301836368106,120.6314366233643
2021-06-03,17201.30078125,17311.279296875,17198.890625,17246.16015625,8355400.0,2.0,0.8395597619866635,2.659267043093383,4.467613338161747,3.685219687844743,61.69329217813447,109.01028989440601,-15.184356712063646,124.19464660646966
2021-06-04,17225.060546875,17225.060546875,17084.490234375,17147.41015625,8595000.0,2.0,-0.06104382180539547,1.5603948615528385,3.9127435971083147,2.9546005688863897,59.15396021423821,127.0080777575713,13.254130181863346,113.75394757570795
2021-06-07,17176.08984375,17189.23046875,16775.849609375,17083.91015625,8683700.0,1.0,-0.4490997689184595,0.7394181027758684,3.5755437777416077,2.4471608201423356,57.51457595980103,134.59599613746104,37.52250337298288,97.07349276447816
2021-06-08,17094.33984375,17181.51953125,17056.529296875,17076.2109375,5658700.0,1.0,-0.3939346504590491,0.4094947772826485,3.3743504685208814,2.2819447827101103,57.30719746303712,138.39290623694615,57.69658394577554,80.69632229117062
2021-06-09,17082.51953125,17082.51953125,16907.4296875,16966.220703125,6310000.0,1.0,-0.8054365080135462,-0.42609952313177324,2.3788299742441454,1.5433890926592087,54.29529995950249,131.01641646461212,72.36055044954286,58.655866015069265
2021-06-10,17024.5390625,17159.220703125,16978.009765625,17159.220703125,6582700.0,1.0,0.42504766963464835,0.3781111184576469,3.080317156451984,2.6059718267192,58.42441732662186,139.1400621818466,85.71645279600361,53.42360938584298
2021-06-11,17200.44921875,17278.55078125,17193.609375,17213.51953125,6154800.0,1.0,0.6649376946435526,0.4943083451139696,2.977671755818845,2.8318463570917496,59.53212358816196,148.25063058928936,98.22328835466075,50.027342234628605
2021-06-15,17279.69921875,17371.2890625,17279.69921875,17371.2890625,6317500.0,2.0,1.2472648519438856,1.2363846760433006,3.2981635824926414,3.6651318598454052,62.64626057602874,166.28467806703702,111.83556629713601,54.44911176990101
2021-06-16,17357.369140625,17398.220703125,17275.01953125,17307.859375,7962000.0,1.0,0.6059043889558913,0.7812848469034295,2.5666580993098265,3.174545568684173,60.62630185143023,173.45901736650194,124.1602565110092,49.298760855492745
2021-06-17,17254.83984375,17390.609375,17150.51953125,17390.609375,6398800.0,2.0,0.5906224827608941,1.1302956221559635,2.6743364795490887,3.554372809504014,62.33266833762773,183.70433713256352,136.06907263532005,47.63526449724347
2021-06-18,17384.740234375,17417.5,17318.5390625,17318.5390625,7976600.0,1.0,-0.010532219910042162,0.6688191201152938,1.8650777212024794,2.9976226297929287,59.89793694368709,183.88860162582932,145.6329784334219,38.25562319240743
2021-06-21,17305.490234375,17305.490234375,17023.310546875,17062.98046875,7503200.0,1.0,-1.3144687214759365,-0.7679860003200423,0.13783035165129132,1.3899410095480347,52.12320822875947,161.5509312672657,148.81656900019067,12.734362267075028
2021-06-22,17162.7109375,17270.470703125,17075.55078125,17075.55078125,8917000.0,1.0,-0.9027686028239668,-0.690053731781648,-0.004726586960146495,1.3744831794187062,52.45014430877967,143.21163119981793,147.69558144011611,-4.483950240298185
2021-06-23,17127.58984375,17375.7890625,17127.58984375,17336.7109375,8083500.0,1.0,0.5791815186951155,0.6763022459023604,1.3048304053499438,2.792254443879072,58.752223821005266,148.04448114754632,147.76536138160216,0.2791197659441593
2021-06-24,17358.5703125,17439.630859375,17319.890625,17407.9609375,6453900.0,0.0,0.9722106290811494,0.831402854028851,1.494537247849026,3.0774177920713575,60.29821612685933,155.82754613625002,149.37779833253174,6.449747803718282
2021-06-25,17471.0703125,17597.330078125,17471.0703125,17502.990234375,6766700.0,0.0,1.3066414534603554,1.1803665357451587,1.7811428264969065,3.5178165065519185,62.32637304287405,167.73026123553427,153.04829091313223,14.681970322402037
2021-06-28,17531.8203125,17595.509765625,17481.23046875,17590.970703125,7091900.0,0.0,1.1973533879570786,1.4675622698959723,2.079027646099907,3.923938819648898,64.15223145913238,182.16267927645094,158.87116858579597,23.291510690654974
2021-06-29,17621.150390625,17713.240234375,17541.140625,17598.189453125,8437900.0,0.0,0.6337432967504553,1.376519787416397,1.9641906501489004,3.8598949260761684,64.30509233402873,191.97005604039805,165.4909460767164,26.47910996368165
2021-06-30,17648.25,17797.26953125,17648.25,17755.4609375,7979400.0,2.0,1.0491450890425247,2.01944796241067,2.698971111371562,4.651746246652211,67.55148948058665,210.01207868548227,174.39517259846957,35.616906087012694
2021-07-01,17801.189453125,17863.900390625,17644.359375,17713.939453125,9647200.0,2.0,0.46295293215485867,1.5921364613121547,2.2964180439791093,4.289952282678389,65.84874127505145,218.44201130700822,183.2045403401773,35.23747096683093
2021-07-02,17745.689453125,17795.880859375,17676.98046875,17710.150390625,8973200.0,2.0,0.20600166472242165,1.3427947094340587,2.1376974561474693,4.1761770132706655,65.68602459981881,222.2550303260723,191.0146383373563,31.240391988716
2021-07-05,17783.80078125,17945.51953125,17783.80078125,17919.330078125,7425200.0,2.0,1.014216224905251,2.0397592952170918,3.1145523175168055,5.304127632595823,70.0814203192711,239.39631624897447,200.69097391967995,38.705342329294524
2021-07-06,17929.220703125,18008.369140625,17895.779296875,17913.0703125,6634400.0,2.0,0.6217147061032602,1.519948047952835,2.8332072962519828,5.158273099304234,69.79330658196818,249.59858099627672,210.4724953349993,39.126085661277415
2021-07-07,17901.25,17933.619140625,17756.8203125,17850.689453125,6893400.0,2.0,0.16414791562022746,0.8725805634702155,2.247800164957048,4.690559961361429,66.84412002716567,249.77112919861975,218.3322221077234,31.43890709089635
2021-07-08,17880.900390625,17935.109375,17742.080078125,17866.08984375,8078500.0,2.0,0.07967698229724984,0.6989129870839994,2.0729502438223912,4.674351180380953,67.21247133902028,248.28844309135457,224.32346630444962,23.96497678690494
2021-07-09,17778.119140625,17778.119140625,17597.4609375,17661.48046875,6565500.0,2.0,-1.0124998637135563,-0.543174807022373,0.7594056552263639,3.3952633360201157,57.99392139096417,227.97518112023317,225.05380926760634,2.9213718526268337
2021-07-12,17843.30078125,17947.900390625,17759.900390625,17814.330078125,6898800.0,2.0,-0.03816790714008533,0.1915439158904464,1.4575380918623093,4.215085723455836,62.16830222860842,221.65535575259855,224.37411856460477,-2.7187628120062186
2021-07-13,17931.470703125,18018.0390625,17786.759765625,17847.51953125,8913100.0,2.0,0.22179698861135577,0.2376466547623135,1.508901725700107,4.339182669170882,63.027473028386815,216.82553036339596,222.864400924363,-6.038870560967041
2021-07-14,17892.509765625,17940.859375,17716.439453125,17845.75,7380100.0,2.0,0.2174197884890372,0.17690930388873927,1.3438174865752384,4.269661085206544,62.94539433030244,210.42937372953747,220.3773954853979,-9.948021755860424
2021-07-15,17878.779296875,18034.189453125,17878.779296875,18034.189453125,5697300.0,2.0,1.0848007471699228,1.0530469274730336,2.227131468996446,5.297844616667136,67.76031981825302,218.05229144540863,219.91237467740004,-1.8600832319914105
2021-07-16,17839.580078125,17926.380859375,17779.609375,17895.25,6709700.0,2.0,0.043841945027489615,0.17061556492636853,1.2740133885787541,4.416175835430258,61.422851749475946,210.45624733880686,218.0211492096814,-7.564901870874536
2021-07-19,17854.349609375,17854.349609375,17708.150390625,17789.25,5948000.0,2.0,-0.5208576007784127,-0.3501722371350713,0.46766222106542354,3.7278491223955434,57.03973724043288,193.65072848219643,213.1470650641844,-19.496336581987975
2021-07-20,17724.919921875,17724.919921875,17500.689453125,17528.740234375,6263700.0,2.0,-1.6269242165440012,-1.5976164442523144,-1.1301355134116564,2.186146573204728,47.97823970142415,157.4957597158209,202.0168039945117,-44.521044278690795
2021-07-21,17593.599609375,17707.560546875,17352.240234375,17458.7890625,7703300.0,2.0,-1.5920794025503504,-1.7742058112849568,-1.5585832647058595,1.7895818924514861,45.87098887431084,121.7942432995369,185.97229185551674,-64.17804855597984
2021-07-22,17482.810546875,17667.380859375,17482.810546875,17572.330078125,6900500.0,2.0,-0.43369229159300193,-0.9717391748925497,-0.9642749663487993,2.453904061471879,49.730389862670776,101.49240412524523,169.07631430946245,-67.58391018421722
2021-07-23,17603.94921875,17672.599609375,17511.859375,17572.919921875,6686500.0,2.0,-0.0653188830595508,-0.9189657769979265,-0.9804632659643597,2.4568063975100696,49.75043416824911,84.47684924082932,152.1564212957358,-67.67957205490649
2021-07-26,17554.9296875,17637.359375,17403.560546875,17403.560546875,5927200.0,2.0,-0.5923678215248307,-1.646070280791001,-1.8829595428136003,1.4854611394136796,44.28976554058268,56.67272533718642,133.05968210402594,-76.38695676683952
2021-07-27,17394.76953125,17459.349609375,17264.5,17269.869140625,6079500.0,2.0,-1.0634165497323766,-2.081954715130052,-2.546486425132788,0.7012151067837147,40.50979889656646,23.578183029920183,111.16338228920479,-87.58519925928461
2021-07-28,17252.869140625,17252.869140625,16893.69921875,17135.220703125,6728900.0,2.0,-1.4695107053964596,-2.4524132913323893,-3.136794021452105,-0.10348128100725607,37.077554691962014,-13.360472572981962,86.25861131676744,-99.6190838897494
2021-07-29,17216.580078125,17402.810546875,17190.48046875,17402.810546875,5660700.0,2.0,0.2646465558959976,-0.5716974048291079,-1.5375564529112484,1.4014261898744884,46.735955520612954,-20.80256025248309,64.84637700291734,-85.64893725540043
2021-07-30,17414.76953125,17429.009765625,17237.669921875,17247.41015625,6577000.0,2.0,-0.25656165722945934,-1.0934677042345964,-2.2888787178477754,0.47126043115794936,42.64233333880692,-38.792801871724805,44.118541227988906,-82.91134309971372
2021-08-02,17256.609375,17503.279296875,17231.220703125,17503.279296875,5186900.0,2.0,1.10654141010611,0.5387079812912754,-0.7223120388340054,1.9401702551116617,50.35312602751885,-32.03442380991328,28.887948220408468,-60.922372030321746
2021-08-03,17489.119140625,17553.759765625,17456.19921875,17553.759765625,4533200.0,2.0,1.066665017368229,0.8141792160293981,-0.33443069948712045,2.202609260703259,51.7317914504978,-22.34740162405069,18.640878251516636,-40.98827987556733
2021-08-04,17588.640625,17636.109375,17557.1796875,17623.890625,5817500.0,2.0,0.9026592811945955,1.1210688811184033,0.12822134825334341,2.507404325259066,53.65718644096482,-8.908698575305607,13.130962886152187,-22.039661461457793
2021-08-05,17624.8203125,17643.970703125,17566.720703125,17603.119140625,6348300.0,2.0,0.5531002503184723,0.9840480153941122,0.08497586846132332,2.2180620658129646,52.98306400288667,0.06473894664668478,10.517718098251086,-10.452979151604401
2021-08-06,17593.849609375,17593.849609375,17469.6796875,17526.279296875,5686300.0,2.0,-0.20377060927306845,0.5701488010814826,-0.31359300212688845,1.5893705690209758,50.457600461629546,0.9647980285553786,8.607134084311944,-7.642336055756566
2021-08-09,17505.009765625,17510.08984375,17350.150390625,17485.150390625,5189400.0,2.0,-0.41740299125201386,0.28718817187027845,-0.4543365278027567,1.1888867406293357,49.108313197799944,-1.6219607167113281,6.56131512410729,-8.183275840818618
2021-08-10,17492.44921875,17524.91015625,17305.060546875,17323.640625,4788400.0,2.0,-1.0779517255447235,-0.6697957285130895,-1.2265394971417765,0.06409966277696189,44.11901000706131,-16.514109575920884,1.9462301841016556,-18.46033976002254
2021-08-11,17308.619140625,17327.19921875,17090.25,17227.1796875,5654700.0,2.0,-1.181054716196006,-1.2749381261163761,-1.603009711072434,-0.5965394234975552,41.412827178469115,-35.68844219124367,-5.58070429096741,-30.107737900276256
2021-08-12,17221.349609375,17233.109375,17139.2109375,17219.939453125,4227200.0,2.0,-0.7864426926779022,-1.212902102159874,-1.415115877626394,-0.7421035147765265,41.20851035836598,-50.881930119874596,-14.640949456748846,-36.240980663125754
2021-08-13,17216.33984375,17216.33984375,16978.109375,16982.109375,5206300.0,2.0,-1.5393125485319792,-2.428781406531333,-2.5219066987432814,-2.201279192564898,35.085130829623644,-81.17800888737474,-27.948361342874026,-53.22964754450072
2021-08-16,16941.330078125,16983.58984375,16773.5703125,16858.76953125,4958100.0,2.0,-1.5392661979940936,-2.777414062290129,-2.9707664936693745,-2.9634350039485557,32.39654298648259,-113.82822327630493,-45.124333729560206,-68.70388954674472
2021-08-17,16841.619140625,16870.55078125,16657.630859375,16661.359375,4136900.0,2.0,-1.9335761878900626,-3.418813172894697,-3.866989468448201,-4.129410959484581,28.616717660207613,-153.8595065778718,-66.87136829922252,-86.98813827864927
2021-08-18,16630.990234375,16826.26953125,16418.5390625,16826.26953125,5284900.0,2.0,-0.4933261613481843,-2.009809790486028,-2.738007970808254,-3.201913430698322,35.39757314276945,-170.31443679616132,-87.55998199861028,-82.75445479755103
2021-08-19,16777.779296875,16777.779296875,16375.400390625,16375.400390625,5329700.0,1.0,-2.182581780490611,-3.9487640590928796,-5.015612676915426,-5.771432446787639,27.661069502037844,-217.23233993104805,-113.49445358509783,-103.73788634595022
2021-08-20,16426.98046875,16507.109375,16248.080078125,16341.9404296875,4562600.0,1.0,-1.6301181736742665,-3.4744792577828365,-4.8700709486865446,-5.940546240785826,27.186194543767172,-254.18496930033507,-141.6325567281453,-112.55241257218978
2021-08-23,16459.130859375,16785.2890625,16459.130859375,16741.83984375,4379900.0,1.0,0.9191307687262285,-0.6763528120818152,-2.354104104379906,-3.6269138228694597,40.36364553028516,-248.33895678068075,-162.97383673865238,-85.36512004202837
2021-08-24,16830.630859375,16904.30078125,16779.900390625,16818.73046875,5515800.0,1.0,1.1906400758432412,0.07959761102684926,-1.77641856977524,-3.1611000270582057,42.51771167867669,-234.7949488888662,-177.33805916869514,-57.45688972017106
2021-08-25,16821.080078125,17045.859375,16821.080078125,17045.859375,4501500.0,0.0,2.2868940706527896,1.5406813651875906,-0.4239726489383644,-1.8423612432804992,48.44189631736488,-203.3892755532397,-182.54830244560407,-20.840973107635648
2021-08-26,17177.390625,17201.419921875,16984.689453125,17066.9609375,4595100.0,0.0,1.5705153050621368,1.7591125086444448,-0.2028076744276297,-1.7115972165680837,48.96811112963824,-174.7825490019277,-180.99515175686878,6.212602754941088
2021-08-27,17061.099609375,17229.890625,17000.259765625,17209.9296875,4252800.0,2.0,1.3740368787485302,2.472348914777611,0.6442152370712773,-0.8847953279539578,52.50502880026085,-138.97313305429634,-172.5907480163543,33.61761496205796
2021-08-30,17244.619140625,17396.51953125,17244.619140625,17396.51953125,3860100.0,2.0,1.6888373076878294,3.252747684591961,1.7671669442469007,0.1658597052705657,56.720950938174774,-94.44892353060641,-156.96238311920473,62.51345958859832
2021-08-31,17384.609375,17490.2890625,17207.5703125,17490.2890625,4900300.0,2.0,1.4405441101980276,3.3010619171766953,2.3347035370194114,0.6665094134428617,58.70477527624301,-51.00875205442935,-135.77165690624966,84.76290485182031
2021-09-01,17463.80078125,17503.9296875,17415.51953125,17473.990234375,4520700.0,2.0,0.8451999624784268,2.8114858415023924,2.284194631608427,0.5343391306141143,58.20535318201052,-17.69332477048374,-112.15599047909647,94.46266570861273
2021-09-02,17455.919921875,17523.16015625,17319.759765625,17319.759765625,4558000.0,2.0,-0.33569779488503704,1.340959792485319,1.465552659943925,-0.38677545849584716,53.56182417386932,-3.693146203055221,-90.46342162388822,86.770275420833
2021-09-03,17380.51953125,17540.779296875,17380.51953125,17516.919921875,4494700.0,2.0,0.44395904599536795,1.7947385249586834,2.6234031647144773,0.7126432130015958,58.15737729899559,23.045617517331266,-67.76161379564432,90.80723131297559
2021-09-06,17534.05078125,17633.669921875,17461.0703125,17495.30078125,5068400.0,2.0,0.20647407014793284,1.2258842950165993,2.4936993138683805,0.561192079546835,57.485599479626046,42.00755944193588,-45.807779148128276,87.81533859006416
2021-09-07,17534.380859375,17559.2109375,17388.369140625,17428.869140625,4347400.0,2.0,-0.10373623747930161,0.48678018797720934,2.073056827556141,0.17382417073763534,55.369140459542734,51.085672986089776,-26.429088721284664,77.51476170737445
2021-09-08,17411.529296875,17447.580078125,17167.080078125,17270.490234375,4088600.0,2.0,-0.7800508105400006,-0.5551519214614276,1.1326765508913983,-0.7329178379445023,50.58725712561505,44.981767452467466,-12.146917486534235,57.1286849390017
2021-09-09,17175.0390625,17319.08984375,17122.94921875,17304.330078125,3138500.0,2.0,-0.5680107979534776,-0.4963001154671076,1.3058047684249452,-0.5301922302253237,51.5500659842356,42.3863672628504,-1.240260536657308,43.62662779950771
2021-09-10,17270.279296875,17474.5703125,17270.279296875,17474.5703125,3450400.0,2.0,0.4590947100639786,0.3299423748019281,2.1551936733698263,0.4333798333762129,56.17631062400213,53.450316098475014,9.697854790369158,43.75246130810586
2021-09-13,17452.16015625,17482.5703125,17387.5703125,17446.310546875,3675300.0,2.0,0.35315955059815884,0.13906224101696285,1.81513537257334,0.23415442036112122,55.23349032658182,59.255191391643166,19.60932211062396,39.6458692810192
2021-09-14,17463.779296875,17529.470703125,17424.5390625,17434.900390625,3725300.0,2.0,0.2805690818205697,0.10539547829804263,1.5194013035514153,0.13414410273429045,54.8333354683959,62.217685878978955,28.13099486429496,34.08669101468399
2021-09-15,17434.01953125,17439.75,17316.51953125,17354.0,3839700.0,2.0,-0.2805422297591176,-0.290413319320737,0.8933218396885767,-0.33214185893970516,51.95904611871094,57.37610269664583,33.98001643076513,23.396086265880697
2021-09-16,17332.33984375,17411.369140625,17254.099609375,17278.69921875,3781900.0,2.0,-0.6839806509940649,-0.6996366201607263,0.1924484677150229,-0.752330999736095,49.3652223506305,46.922080870641366,36.56842931874038,10.353651551900988
2021-09-17,17279.2890625,17408.7109375,17235.44921875,17276.7890625,4564600.0,2.0,-0.4686607089370298,-0.5734028055993212,-0.08942656142248984,-0.741808708697822,49.297992425926395,38.04450622496006,36.86364469998431,1.1808615249757466
2021-09-22,17196.7890625,17196.7890625,16838.580078125,16925.8203125,4648700.0,2.0,-1.902287523346835,-2.2729184954976334,-2.171098943849936,-2.696213016780702,38.83323175500589,2.658078725067753,30.022531505001,-27.36445277993325
2021-09-23,16998.0703125,17145.25,16998.0703125,17078.220703125,3706500.0,2.0,-0.6080832501302091,-1.1929382952566514,-1.3642136064879518,-1.7711500973772054,44.356739317436,-12.93932566202784,21.430160071595232,-34.36948573362307
2021-09-24,17130.740234375,17273.58984375,17130.740234375,17260.189453125,3963900.0,2.0,0.5607435244886716,-0.1341956877135453,-0.3749089732890343,-0.6773639506682083,50.14566244784723,-10.496031940670946,15.044921669141996,-25.54095360981294
2021-09-27,17278.109375,17335.990234375,17235.6796875,17313.76953125,4368100.0,2.0,0.8317050237351076,0.17034263587381027,-0.13677802390650307,-0.3307886389241843,51.737810485440626,-4.187963312077045,11.198344672898187,-15.386307984975232
2021-09-28,17286.890625,17286.890625,17113.470703125,17181.439453125,3676400.0,2.0,0.17229335154500536,-0.42639440703324816,-0.8918949491582895,-1.0423678979895046,47.687184987255634,-9.754263771872502,7.00782298394405,-16.76208675581655
2021-09-29,17127.859375,17127.859375,16801.779296875,16855.4609375,4613200.0,2.0,-1.6475557787968498,-1.9799335680333763,-2.6202834562374933,-2.820619410041747,39.486067673801415,-40.008149836990924,-2.395371580242945,-37.61277825674798
2021-09-30,16886.5703125,16994.2109375,16767.19921875,16934.76953125,4145900.0,2.0,-1.019083337332638,-1.231466964350536,-2.004836748369876,-2.2714989223555637,42.095233073169084,-56.92879212633488,-13.302055689461334,-43.62673643687355
2021-10-01,16883.0,16883.0,16503.740234375,16570.890625,5034000.0,2.0,-2.359136850818222,-2.91027511606331,-3.8592566753161694,-4.253543030181595,34.702173203563504,-98.56432157381278,-30.354508866331624,-68.20981270748115
2021-10-04,16600.51953125,16680.2890625,16380.0595703125,16408.349609375,4455400.0,1.0,-2.274141049598688,-3.3698533979289236,-4.54992396045133,-5.0594258206901666,31.998743956781095,-143.02774536088327,-52.88915616524196,-90.13858919564132
2021-10-05,16362.26953125,16460.75,16162.169921875,16460.75,4344700.0,1.0,-1.1131421919805318,-2.5931528308881124,-3.9500408704183365,-4.645818014566916,33.789520136917716,-172.05372719136722,-76.72207037046701,-95.3316568209002
2021-10-06,16488.2109375,16568.2109375,16303.6298828125,16393.16015625,3980200.0,1.0,-0.9691183992326047,-2.686381947618688,-4.035856684326989,-4.906876886698763,32.59708506350075,-198.22593721876547,-101.0228437401267,-97.20309347863876
2021-10-07,16465.5703125,16731.580078125,16465.5703125,16713.859375,3979100.0,2.0,1.2384302136171366,-0.5675709117383354,-1.9533188046587657,-2.940191736150144,42.89457202924417,-190.8894012747769,-118.99615524705675,-71.89324602772015
2021-10-08,16742.349609375,16771.7109375,16605.490234375,16640.4296875,3630500.0,1.0,0.7088163542068093,-0.6380627348313461,-2.2033404092304476,-3.2537465092836615,41.33733919533952,-188.82366412464398,-132.9616570225742,-55.86200710206978
2021-10-12,16589.720703125,16589.720703125,16349.490234375,16462.83984375,3840700.0,1.0,-0.43163827114864883,-1.1964514822910721,-3.007207015961777,-4.140283195864425,37.766358871379374,-199.22008364662543,-146.21334234738444,-53.006741299240986
2021-10-13,16480.98046875,16543.330078125,16328.4697265625,16347.990234375,3780500.0,1.0,-0.9912126705758251,-1.3924956533474808,-3.3631494259839356,-4.66587862722797,35.62310884720973,-214.25690443425628,-159.8220547647588,-54.43484966949748
2021-10-14,16392.509765625,16519.9609375,16347.8798828125,16387.279296875,3823900.0,1.0,-0.7461951012742163,-0.8755883154533795,-2.826741159138524,-4.306369364887597,36.9414818745027,-220.46204502930414,-171.95005281766788,-48.511992211636255
2021-10-15,16426.759765625,16781.189453125,16426.759765625,16781.189453125,3616300.0,1.0,1.5567937260369424,1.6015066214456253,-0.2976917201976126,-1.9347804795853851,48.359892189471076,-191.38820203363503,-175.8376826608613,-15.55051937277372
2021-10-18,16816.939453125,16862.029296875,16695.890625,16705.4609375,4145800.0,1.0,1.0189845435401246,1.0606696318169906,-0.5560311225167536,-2.305640187260516,46.61241917852785,-172.4695091719732,-175.16404796308368,2.6945387911104888
2021-10-19,16791.119140625,16916.720703125,16772.150390625,16900.669921875,3873500.0,1.0,1.6611125425958218,1.9379938383017548,0.7193310922245955,-1.0993030451547647,51.47957031472148,-140.1094802940679,-168.15313442928053,28.04365413521262
2021-10-20,16936.19921875,16973.859375,16855.810546875,16887.8203125,3633300.0,1.0,0.9283518709478633,1.598780367752295,0.7595370500324439,-1.1084193704986478,51.14901308838435,-114.18453214563488,-157.3594139725514,43.17488182691653
2021-10-21,16904.4609375,17026.890625,16873.990234375,16889.509765625,4307800.0,1.0,0.3361250075738731,1.3064343709505266,0.7805337237539289,-1.0488829197289329,51.19338736781515,-92.43694366443378,-144.37491991092787,51.93797624649409
2021-10-22,16900.3203125,16932.890625,16800.490234375,16888.740234375,3796200.0,1.0,0.20350720357975582,1.1956675556370255,0.832944735869634,-1.0165541759678876,51.17058693096689,-74.40620938526627,-130.38117780579555,55.97496842052928
2021-10-25,16879.33984375,16930.98046875,16784.109375,16894.240234375,3360900.0,1.0,0.012101094574412663,1.0749075069790504,0.976091992508743,-0.9610059388725389,51.33740599063448,-58.9928852704179,-116.10351929872002,57.110634028302115
2021-10-26,16909.3203125,17067.150390625,16909.3203125,17034.33984375,3828200.0,1.0,0.6821339475491905,1.5658248367640182,1.8985532124599969,-0.10373687171179036,55.5071843685349,-35.068598275644035,-99.89653509410482,64.82793681846078
2021-10-27,17037.369140625,17079.599609375,16973.16015625,17074.55078125,3536400.0,1.0,0.6975270287893576,1.366453986774574,2.1717574354073843,0.1489968026805899,56.65519710744624,-12.717146518760273,-82.46065737903591,69.74351086027563
2021-10-28,17081.169921875,17104.859375,16994.369140625,17041.630859375,4615900.0,1.0,0.3233733891033763,0.77952137958337,1.918000064676173,0.0010380821809041763,55.39503351743471,2.3135087710325024,-65.50582414902223,67.81933292005473
2021-10-29,17058.0390625,17073.970703125,16920.6796875,16987.41015625,4554900.0,1.0,-0.1118648291023705,0.33651139977775024,1.5777421780675205,-0.26188703573210015,53.292493613492994,9.73800017305257,-50.45705928460727,60.19505945765984
2021-11-01,17021.76953125,17119.4296875,17021.76953125,17068.240234375,4505300.0,1.0,0.1584736104247142,0.5983774619751303,1.9095361193403493,0.26720869852732143,55.97514295788546,21.891918470384553,-35.987263733608906,57.87918220399346
2021-11-02,17094.419921875,17237.08984375,17026.630859375,17065.970703125,5366000.0,1.0,0.10799290725131971,0.48710001594403085,1.6963318216490553,0.306628839316736,55.87809940133048,30.983693350393878,-22.59307231680835,53.576765667202224
2021-11-03,17087.890625,17153.759765625,17080.509765625,17122.16015625,4649400.0,1.0,0.381529107765477,0.6790323810963894,1.8304906011989974,0.6767422025854675,57.8275131566496,42.236137812222296,-9.62723029100222,51.863368103224516
2021-11-04,17158.279296875,17219.650390625,17061.4609375,17078.859375,4495000.0,1.0,0.08398269143465864,0.3127353667317312,1.3662796362335916,0.4621374597173489,55.78214888676922,47.11663866907111,1.7215435010124462,45.39509516805866
2021-11-05,17097.16015625,17296.900390625,17097.16015625,17296.900390625,4755100.0,0.0,0.9953869945730665,1.350429547919041,2.4830752880751206,1.7473767941073692,62.89846421531158,67.79703644245456,14.936642089300868,52.86039435315369
2021-11-08,17323.390625,17415.30078125,17279.4609375,17415.30078125,5609900.0,0.0,1.2762535702565803,1.733585438828844,2.9482693153910278,2.4249652129801014,66.08990089407243,92.67205689661569,30.48372505076383,62.188331845851856
2021-11-09,17433.099609375,17581.51953125,17433.099609375,17541.359375,5480400.0,2.0,1.4484100156908264,2.1673710135200475,3.3639483614606114,3.1338626145209325,69.13412706358122,121.16089741601172,48.61915952381341,72.54173789219831
2021-11-10,17549.08984375,17575.439453125,17489.869140625,17559.650390625,5804300.0,2.0,1.042881861792444,1.985754139439444,3.103659439586659,3.183008768862128,69.5611257010458,143.55957545210913,67.60724270947256,75.95233274263657
2021-11-11,17527.1796875,17527.1796875,17403.48046875,17452.51953125,6146900.0,0.0,-0.0035899688035412325,1.1222217386233524,2.155152949380801,2.4938930586799968,63.97844183631928,150.92633925729024,84.2710620190361,66.65527723825414
2021-11-12,17479.55078125,17602.05078125,17479.55078125,17518.130859375,5532600.0,2.0,0.11852435867452105,1.1912128093270358,2.3185187812326813,2.7930085467023247,65.78931141571705,160.21201412023947,99.45925243927677,60.752761680962706
2021-11-15,17560.51953125,17683.189453125,17560.51953125,17634.470703125,5366800.0,2.0,0.5315736216861655,1.5311511248819798,2.719345321086575,3.393946250385871,68.78579112366394,174.94200886619365,114.55580372466014,60.38620514153351
2021-11-16,17639.9609375,17708.099609375,17629.80078125,17693.130859375,6220100.0,2.0,0.6917442107223781,1.5023744344004442,2.8237177528656066,3.6044714467252215,70.20296145195945,189.1684045775146,129.47832389523103,59.690080682283565
2021-11-17,17705.2890625,17764.0390625,17669.580078125,17764.0390625,6399300.0,2.0,0.8606456726642842,1.535274271807019,2.973622580920665,3.8755169506083043,71.86577163304946,203.81517064532818,144.34569324525046,59.46947740007772
2021-11-18,17767.060546875,17841.369140625,17748.2109375,17841.369140625,6803100.0,2.0,0.8543757296798571,1.534753205946382,3.1373456054926363,4.216029443162128,73.59627117284705,219.13665831930848,159.30388626006206,59.83277205924642
2021-11-19,17864.189453125,17986.1796875,17786.05078125,17818.310546875,6246900.0,2.0,0.3833547722749575,1.1035197375712125,2.7280358780928715,3.9801516319249775,72.17077227869878,226.8039570431465,172.80390041667894,54.00005662646757
2021-11-22,17828.529296875,17857.73046875,17790.640625,17803.5390625,4908200.0,2.0,0.10943119129187551,0.797655469568781,2.3745302692698145,3.817446678099201,71.21910834485507,229.04808740891167,184.05273781512548,44.99534959378619
2021-11-23,17797.900390625,17797.900390625,17650.0703125,17666.119140625,5002100.0,2.0,-0.6330969407279619,-0.05096873470075147,1.4001462025713618,2.9561600366064367,62.90834764297518,217.23380162101967,190.6889505763043,26.544851044715358
2021-11-24,17680.16015625,17722.890625,17588.779296875,17642.51953125,4917100.0,2.0,-0.6299966924959044,-0.23126366067498516,1.0998945095820334,2.7754398901285615,61.57936516983504,203.6194060066191,193.27504166236727,10.34436434425183
2021-11-25,17686.119140625,17724.5,17609.509765625,17654.189453125,4708400.0,2.0,-0.3541588418831676,-0.27899655149014047,0.9895195223152076,2.817700061964956,62.00679489844351,191.56334160352344,192.93270165059852,-1.3693600470750766
2021-11-26,17641.7890625,17641.7890625,17330.439453125,17369.390625,5676100.0,0.0,-1.4622948953837756,-1.8052035845962155,-0.7480889329634977,1.1709090979003411,47.978577472886975,157.21565423951688,185.7892921683822,-28.57363792886531
2021-11-29,17320.009765625,17415.630859375,17167.240234375,17328.08984375,4887500.0,1.0,-1.163422067935438,-1.8687200125624193,-1.0575455367344055,0.9446432993982956,46.34124944450602,125.21879236755194,173.67519220821615,-48.456399840664204
2021-11-30,17369.7890625,17535.23046875,17369.7890625,17427.759765625,6132900.0,1.0,-0.32388935862833756,-1.1557296576921394,-0.5911149174284147,1.5146248936546813,50.71259201736017,106.67390811752557,160.27493539007804,-53.60102727255247
2021-12-01,17428.609375,17626.2109375,17374.58984375,17585.990234375,4219800.0,0.0,0.6461724221148657,-0.15747660244496142,0.17891796512194968,2.429430184991177,56.73806212392471,103.55115690320235,148.9301796927029,-45.37902278950054
2021-12-02,17575.91015625,17741.55078125,17559.439453125,17724.880859375,4988600.0,0.0,1.3590414197294676,0.6976559631339585,0.7846634989338241,3.215394241878977,61.21967095729259,111.00408080191119,141.34495991454455,-30.34087911263336
2021-12-03,17720.9296875,17781.140625,17670.3203125,17697.140625,4400000.0,0.0,0.8224818119342281,0.6093174701635728,0.5125583208660078,3.0270327704422506,59.88531952389119,113.36536623335633,135.7490411783069,-22.38367494495057
2021-12-06,17650.669921875,17763.419921875,17585.94921875,17688.2109375,3850100.0,1.0,0.3598024702368585,0.6245258623692518,0.3840427599325791,2.933327539272601,59.43622139538416,113.21112343767163,131.24145763017984,-18.030334192508207
2021-12-07,17734.189453125,17796.919921875,17642.3203125,17796.919921875,5417700.0,1.0,0.5553617115768184,1.1676698121198426,0.9277968107938017,3.5164840695241395,63.067377213024336,120.47206446313066,129.08757899677,-8.615514533639328
2021-12-08,17845.060546875,17988.880859375,17832.419921875,17832.419921875,5272600.0,1.0,0.4761430926050192,1.2601613410749835,1.0509624424005493,3.6870013933654633,64.19458200895214,127.61984373421001,128.794031944258,-1.174188210047987
2021-12-09,17880.41015625,17925.119140625,17807.119140625,17914.119140625,5266100.0,0.0,0.7216841789553952,1.5741619715159194,1.3813334332258398,4.114843136989088,66.71253508885404,138.282915100619,130.6918085755302,7.591106525088804
2021-12-10,17893.2890625,17893.2890625,17767.80078125,17826.259765625,4629000.0,1.0,0.0823836135450895,0.8148354523214163,0.7962271850060043,3.56495396333365,61.688443084582914,138.0525745460909,132.16396176964233,5.888612776448582
2021-12-13,17841.029296875,17919.349609375,17767.599609375,17767.599609375,4799000.0,1.0,-0.33579685591755837,0.23394576857571625,0.4267424864656588,3.182834212764818,58.51966545380122,131.619416923073,132.05505280032847,-0.43563587725546427
2021-12-14,17754.380859375,17754.380859375,17566.990234375,17599.369140625,4871000.0,1.0,-1.0601802778174907,-0.8111340498967223,-0.497770259974295,2.1741472180494714,50.50686242101935,111.65916296574142,127.97587483341105,-16.31671186766964
2021-12-15,17592.869140625,17678.779296875,17556.869140625,17660.099609375,3773800.0,1.0,-0.5260365518371946,-0.5104155542088318,-0.1250704992017293,2.488709548394885,53.00830427000987,99.59291406223929,122.2992826791767,-22.70636861693741
2021-12-16,17719.060546875,17814.3203125,17719.060546875,17785.740234375,4322400.0,1.0,0.32675525348002665,0.16304944299798674,0.6013022789910005,3.1320734985220255,57.76421932462442,99.02695222545299,117.64481658843195,-18.617864362978963
2021-12-17,17744.5390625,17822.740234375,17718.26953125,17812.58984375,5154400.0,1.0,0.4937081118552733,0.24907813083545616,0.7548015621268389,3.2145101078419946,58.72558035640152,99.59687173679777,114.03522761810511,-14.438355881307345
2021-12-20,17812.810546875,17812.810546875,17646.390625,17669.109375,3798200.0,1.0,-0.20486576545616364,-0.5477370607062881,-0.018766545854975725,2.3427004998837875,51.923947453099885,87.4626473882854,108.72071157214117,-21.258064183855765
2021-12-21,17686.83984375,17825.890625,17652.3203125,17789.26953125,3555900.0,1.0,0.2587323260816454,0.13290762757725005,0.6261029536013929,2.991413822151534,56.470876472897224,86.54447670340596,104.28546459839413,-17.740987894988166
2021-12-22,17805.740234375,17870.16015625,17799.720703125,17826.830078125,3538900.0,1.0,0.28195471373926306,0.34748720842157077,0.7860285665114652,3.1446381250251454,57.81399361918845,87.83513330552523,100.99539833982035,-13.160265034295122
2021-12-23,17855.779296875,17960.990234375,17855.779296875,17946.66015625,3851000.0,0.0,0.77359310700722,1.0035112682676761,1.3796851580705205,3.7288152889879855,61.85753040495139,97.40445586923306,100.2772098457029,-2.8727539764698378
2021-12-24,17966.349609375,18039.849609375,17953.5703125,17961.640625,3834800.0,0.0,0.6891682601012583,1.0108587804519065,1.2948635876722792,3.7128081465635177,62.34346474042168,104.98678922120598,101.21912572080352,3.7676635004024632
2021-12-27,17975.41015625,18099.779296875,17975.41015625,18048.939453125,3701200.0,2.0,0.7495058496714613,1.3414616265701174,1.5807113214411972,4.0688544544259075,65.13133044410478,116.69494221951754,104.31428902054633,12.380653198971217
2021-12-28,18099.7109375,18197.359375,18099.7109375,18196.810546875,3899900.0,2.0,1.1148722544379153,1.8301389489889797,2.1917833897695527,4.741450303717798,69.28002871880277,136.3341243581417,110.7182560880654,25.615868270076305
2021-12-29,18209.140625,18283.25,18192.859375,18248.279296875,3983900.0,2.0,0.9281468802019743,1.7831432245323464,2.2905998199815647,4.857890973177126,70.59160286558833,154.2730519669458,119.42921526384148,34.8438367031043
2021-12-30,18270.0,18291.25,18216.44921875,18218.83984375,4082900.0,2.0,0.4628527402130933,1.3740506662572427,1.9843857296340417,4.506003353683585,68.7826723389323,164.22122346851756,128.3876169047767,35.83360656374086
2022-01-03,18260.23046875,18379.689453125,18238.470703125,18270.509765625,4309600.0,2.0,0.4057553437924133,1.403181619469085,2.109756313010447,4.64665497749841,70.2248398283038,174.2657251253804,137.56323854889746,36.702486576482954
2022-01-04,18395.140625,18526.349609375,18395.140625,18526.349609375,4231400.0,2.0,1.2802852417715505,2.3362264414187983,3.2976556871280316,5.9213190912719815,76.10992280952277,200.55829116565656,150.16224907224927,50.39604209340729
2022-01-05,18598.130859375,18619.609375,18446.51953125,18499.9609375,4261600.0,2.0,0.8019111197279161,1.7908565740160087,2.9487426507775805,5.565527718120067,74.47483135733485,216.76723613406648,163.48324648461272,53.28398964945376
2022-01-06,18395.720703125,18427.150390625,18253.8203125,18367.919921875,3411400.0,2.0,-0.047865427873616806,0.7643427082793863,2.061889743900469,4.611105701302609,66.74778318467243,216.46308366761878,174.07921392121392,42.383869746404855
2022-01-07,18388.16015625,18444.119140625,18134.41015625,18169.759765625,4727900.0,2.0,-1.0733451718852982,-0.44458742635062887,0.8891517377975333,3.307727972278851,57.16245235174805,197.95032401535718,178.85343594004257,19.09688807531461
2022-01-10,18095.390625,18243.259765625,18043.970703125,18239.380859375,3440300.0,2.0,-0.6606149530779981,-0.2149725875918218,1.159704205755796,3.5604719100819526,59.370078033823695,186.74400043862624,180.4315488397593,6.312451598866943
2022-01-11,18266.5390625,18293.529296875,18135.4296875,18288.2109375,4694000.0,2.0,-0.1356166866948727,-0.07862931631680281,1.2843012569454304,3.6824293911075445,60.892355290496866,179.7312574247917,180.29149055676578,-0.560233131974087
2022-01-12,18348.390625,18394.69921875,18255.380859375,18375.400390625,4196200.0,2.0,0.477172869772291,0.29987923019090257,1.5489558975305684,4.031773288685225,63.52054849691668,179.14400764985112,180.06199397538285,-0.9179863255317287
2022-01-13,18356.2109375,18459.73046875,18346.810546875,18436.9296875,4599500.0,2.0,0.7375905857980314,0.5322088429545735,1.6707503616949282,4.227769188106034,65.29315929991732,181.55070449826235,180.35973607995874,1.190968418303612
2022-01-14,18509.0,18509.0,18213.439453125,18403.330078125,4559700.0,2.0,0.2980038658752626,0.24815034680307768,1.3129435493233643,3.8896434607457175,63.47917580626399,178.68702858037068,180.02519458004113,-1.3381659996704514
2022-01-17,18512.150390625,18535.419921875,18435.01953125,18525.439453125,3172100.0,2.0,0.6496698879923324,0.7733733076930704,1.7854527133504883,4.418175861586016,67.06078618990638,184.14800723637745,180.8497571113084,3.298250125069046
2022-01-18,18492.810546875,18575.41015625,18378.640625,18378.640625,3163500.0,2.0,-0.245915922904949,0.05522149813519395,0.7824407675041778,3.446495498230573,59.505465683475165,174.61755115078267,179.60331591920325,-4.98576476842058
2022-01-19,18275.1796875,18359.140625,18199.349609375,18227.4609375,3422100.0,2.0,-0.907339082916081,-0.6203848979139837,-0.16652391461396965,2.4808576074165423,52.896050466137545,153.10080790821303,174.30281431700521,-21.202006408792187
2022-01-20,18212.259765625,18292.140625,18125.19921875,18218.279296875,3209300.0,2.0,-0.7212328987426408,-0.5893388476697958,-0.3236657970479784,2.319575677537533,52.51454800860393,133.76578351835997,166.19540815727618,-32.42962463891621
2022-01-21,18113.939453125,18113.939453125,17851.390625,17899.30078125,4160500.0,0.0,-1.920694869706574,-2.1855365706146324,-2.0561802337572432,0.44745058283246486,41.35537759042095,91.64728414860656,151.28578335554226,-59.638499206935705
2022-01-24,17843.330078125,18004.44921875,17682.330078125,17989.0390625,3586500.0,2.0,-0.846105578882228,-1.5604733106522217,-1.5725163912793882,0.8565597017675453,44.90256901324724,64.76265569197858,133.98115782282952,-69.21850213085094
2022-01-25,17890.7109375,17890.7109375,17645.66015625,17701.119140625,3506500.0,0.0,-1.6988950198340458,-2.823831218806272,-3.0556297612979177,-0.8163346312823005,37.14042121261231,19.993193410380627,111.18356494033974,-91.19037152995911
2022-01-26,17657.970703125,17776.419921875,17633.029296875,17674.400390625,2897700.0,2.0,-1.240623810770547,-2.595664531213826,-3.0632883679316047,-1.0222850641880554,36.50968479599378,-17.441849042843387,85.45848214370311,-102.9003311865465
2022-02-07,17750.69921875,17900.30078125,17712.349609375,17900.30078125,0.0,2.0,0.37834007454211616,-1.0581092149714588,-1.7305445190397228,0.17002010793456535,45.012293897178715,-28.551986766389746,62.656388361684535,-91.20837512807428
2022-02-08,17955.94921875,18063.55078125,17955.94921875,17966.560546875,4040800.0,2.0,0.6739585821076588,-0.45153651595294386,-1.2984409701816024,0.4576377542977017,47.243986124034514,-31.64545254818222,43.79602017971118,-75.4414727278934
2022-02-09,18060.330078125,18168.599609375,18039.23046875,18151.759765625,3901200.0,2.0,1.5265633671110557,0.7832773930554815,-0.24848842993894227,1.412365572415375,52.987244362685594,-18.934749285508587,31.249866286667224,-50.184615572175815
2022-02-10,18217.2890625,18338.05078125,18145.0390625,18338.05078125,3618700.0,2.0,1.8428989002039042,1.8405647547450776,0.8274257567106647,2.365203563042617,57.9465966817448,6.100381289641518,26.21996928726208,-20.119587997620563
2022-02-11,18258.810546875,18310.939453125,18191.75,18310.939453125,3541200.0,2.0,0.9783934135968897,1.6428801767696122,0.7307047434248259,2.140734003531053,57.00414465231207,23.482552786816086,25.672485987172884,-2.1899332003567977
2022-02-14,18182.73046875,18182.73046875,17965.220703125,17997.669921875,3594200.0,2.0,-0.8556503349244848,0.02643184621724526,-0.8916976317136838,0.3524113264644635,47.409135316102244,11.843293742873357,22.906647538312978,-11.063353795439621
2022-02-15,17978.439453125,18085.91015625,17942.6796875,17951.810546875,3611800.0,2.0,-1.0922040960725798,-0.2575512119535217,-1.0848744664170296,0.0502831574818563,46.183612155299805,-1.0690478869182698,18.11150845326673,-19.180556340185
2022-02-16,18109.169921875,18233.7890625,18109.169921875,18231.470703125,3822800.0,2.0,0.3604671590732522,1.1600142314152517,0.4582523603136268,1.5416225759765645,53.99382337366166,11.135700313527195,16.716346825318823,-5.5806465117916275
2022-02-17,18213.30078125,18330.630859375,18190.240234375,18268.5703125,5115800.0,2.0,0.6416787871990293,1.0477094188624747,0.6681243038410001,1.6883968496124169,54.928315082335835,23.53043540289218,18.079164540833496,5.451270862058685
2022-02-18,18250.369140625,18262.9609375,18098.51953125,18232.349609375,4870600.0,2.0,0.5291873087057253,0.5370920605161311,0.5081457895221186,1.436038826609698,53.779763715622465,30.083856258916057,20.48010288445001,9.603753374466049
2022-02-21,18196.400390625,18253.099609375,18129.650390625,18221.490234375,4487800.0,2.0,0.22194404168089932,0.2995698001956315,0.5079656124625798,1.332639897113319,53.41911575739542,34.00919190099739,23.185920687759484,10.82327121323791
2022-02-22,18159.509765625,18159.509765625,17840.380859375,17969.2890625,5056200.0,2.0,-1.1842136721587737,-1.0901484539655226,-0.7643600799983608,-0.08173810754990019,45.746409767437434,16.578416178686894,21.864419785944968,-5.286003607258074
2022-02-23,17954.75,18109.279296875,17954.75,18055.73046875,3709000.0,2.0,-0.5165736873918081,-0.5617805787723085,-0.157491810760102,0.3768336643034331,48.47793089683298,9.628508448342473,19.417237518424468,-9.788729070081995
2022-02-24,17939.529296875,17939.529296875,17561.0703125,17594.55078125,6003200.0,2.0,-2.332160230589686,-2.703234328659432,-2.4962935422434107,-2.168048724436611,37.600958472725395,-32.71556536828575,8.990676941082423,-41.70624230936818
2022-02-25,17617.359375,17737.3203125,17554.970703125,17652.1796875,5029500.0,2.0,-1.3770222126806564,-2.027646563498864,-2.020750816717687,-1.846343584029353,39.42980725573022,-60.92111711501275,-4.991681870136613,-55.92943524487613
2022-03-01,17657.5,17944.5,17657.5,17898.25,4576900.0,2.0,0.36026690591006716,-0.6070732799707934,-0.566612403433775,-0.5016681933980416,46.62352356502461,-62.69568552495548,-16.532482601100387,-46.163202923855096
2022-03-02,17864.109375,17918.98046875,17784.640625,17867.599609375,4013600.0,2.0,0.3027872633309503,-0.7308592448787676,-0.7281484219717971,-0.6916931445469898,45.892390362410616,-65.81658155952391,-26.389302392785094,-39.42727916673881
2022-03-03,17932.150390625,18026.029296875,17906.240234375,17934.400390625,4006800.0,2.0,0.8151164666345467,-0.19500119658442117,-0.34187862021798354,-0.37255754351692705,47.813191328871135,-62.182844261144055,-33.54801076645688,-28.63483349468717
2022-03-04,17845.009765625,17845.009765625,17710.5390625,17736.51953125,4422400.0,2.0,-0.4561189306456437,-1.0030924289953225,-1.4511586235982477,-1.5090499545747371,42.949268071589934,-74.41263038194302,-41.72093468955411,-32.691695692388905
2022-03-07,17581.5703125,17581.5703125,17135.6796875,17178.689453125,5833800.0,2.0,-3.071712035289409,-3.549408150881883,-4.418982065069721,-4.584687541011878,32.814967447375906,-127.64562995229426,-58.905873742102145,-68.73975621019211
2022-03-08,17000.0,17113.669921875,16764.779296875,16825.25,5875900.0,1.0,-3.9023452436774075,-4.787415122282379,-6.10467652506772,-6.481932460170969,28.264309630691,-196.09234519314123,-86.34316803230996,-109.74917716083127
2022-03-09,16944.080078125,17072.740234375,16944.080078125,17015.359375,3963600.0,1.0,-1.8611348526560323,-3.188997751231548,-4.791049921721335,-5.363064288689456,33.598326880248734,-232.31859821439502,-115.53825406872697,-116.78034414566805
2022-03-10,17224.73046875,17478.4296875,17224.73046875,17433.19921875,4493300.0,2.0,1.1335301678539578,-0.4590751577866925,-2.2565413752271613,-3.015371339450512,43.53594292959209,-224.72153144227923,-137.3749095434374,-87.34662189884182
2022-03-11,17373.8203125,17373.900390625,17239.900390625,17264.740234375,3114900.0,2.0,0.7075156675429906,-1.2349592352101424,-2.908911315321616,-3.9148176424370185,40.879630447796075,-229.6468080075174,-155.8292892362534,-73.81751877126399
2022-03-14,17287.900390625,17363.0390625,17217.580078125,17263.0390625,3432300.0,2.0,0.5985989706038142,-1.024358732137265,-2.631580179440851,-3.876684109728812,40.85252298999956,-231.0242913007096,-170.86828964914463,-60.156001651564964
2022-03-15,17177.26953125,17177.26953125,16911.94921875,16926.060546875,4138100.0,1.0,-1.4808616828673737,-2.4124393281649836,-4.242847534703687,-5.673693231683252,35.789844552111965,-256.352237676565,-187.9650792546287,-68.38715842193628
2022-03-16,17007.580078125,17085.76953125,16808.4296875,16940.830078125,4846600.0,1.0,-1.30927024199895,-1.8025861214892247,-3.884424147861798,-5.505962494396099,36.163250650979634,-272.0964810601945,-204.79135961574187,-67.30512144445262
2022-03-17,17172.810546875,17472.94921875,17172.810546875,17448.220703125,5028900.0,2.0,1.6288045293500364,1.4243281108245576,-0.7852424321722284,-2.6415789188630856,47.465881531416215,-240.85529446833243,-212.00414658626,-28.85114788207244
2022-03-18,17439.91015625,17472.380859375,17359.5,17456.51953125,4984000.0,2.0,1.4504940107380015,1.6379946742995255,-0.5083512179304139,-2.5670857080069776,47.629208136995516,-212.9717768668088,-212.19767264236975,-0.7741042244390428
2022-03-21,17503.94921875,17603.990234375,17503.94921875,17560.359375,3703600.0,2.0,1.7025052204110436,2.0158853739043137,0.2754979106371458,-1.9839506190066802,49.73498915669946,-180.415166972547,-205.8411715084052,25.426004535858198
2022-03-22,17512.41015625,17573.2890625,17468.55078125,17559.7109375,3448800.0,2.0,0.9577507352490633,1.5787014923639653,0.4616163407687113,-1.9784158102048588,49.72154426045828,-152.90356543746748,-195.25365029421766,42.350084856750186
2022-03-23,17581.619140625,17738.689453125,17581.619140625,17731.369140625,3950500.0,2.0,1.0263277399178872,2.1486090474925446,1.5127857348121498,-1.0151805378395884,53.319163368111845,-115.91286922266227,-179.38549407990658,63.47262485724431
2022-03-24,17711.169921875,17711.169921875,17603.220703125,17699.060546875,3883600.0,2.0,0.5548230194883708,1.8065556143671557,1.4313766306768727,-1.1851045474646216,52.55690671401918,-88.18793386379912,-161.1459820366851,72.95804817288598
2022-03-25,17695.80078125,17747.130859375,17633.859375,17676.94921875,3872300.0,2.0,0.17828564283888237,1.438851460799473,1.2807458165996266,-1.3092733461015027,52.008911057788495,-67.22499434344718,-142.3617844980375,75.13679015459033
2022-03-28,17510.150390625,17527.150390625,17368.66015625,17520.009765625,3202100.0,2.0,-0.6656878203845529,0.390219667722147,0.4195778079958634,-2.160955865352754,48.16985341437764,-62.55432865122566,-126.40029332867513,63.84596467744947
2022-03-29,17568.3203125,17585.91015625,17493.009765625,17548.66015625,3429900.0,2.0,-0.4907773172264984,0.1969331861831236,0.6846667696719377,-1.97558133264234,48.91125784746084,-55.89660410003853,-112.29955548294781,56.40295138290928
2022-03-30,17572.900390625,17770.0703125,17572.900390625,17740.560546875,3739000.0,2.0,0.5869037705453328,0.8322005969516377,1.8227951835418699,-0.8846342961314924,53.6896401329883,-34.735146534578234,-96.7866736932739,62.05152715869566
2022-03-31,17754.099609375,17767.810546875,17682.529296875,17693.470703125,3422500.0,2.0,0.32626929651629055,0.42457077468271986,1.6227841627311168,-1.123031840628308,52.39461438285784,-21.516269635318167,-81.73259288168275,60.21632324636458
2022-04-01,17657.759765625,17657.759765625,17465.609375,17625.58984375,3396600.0,2.0,-0.000387840126092609,-0.056613862833343465,1.2651685354424735,-1.4635193164211024,50.503515295635005,-16.32939737509878,-68.65195378036596,52.32255640526718
2022-04-06,17484.189453125,17528.990234375,17381.0703125,17522.5,4241200.0,2.0,-0.5880819875291876,-0.6198355232312713,0.5735493320791818,-1.9782603638870522,47.68841570173192,-20.303209807971143,-58.982204985886995,38.67899517791585
2022-04-07,17430.130859375,17438.599609375,17178.630859375,17178.630859375,4863100.0,2.0,-2.128055668036577,-2.3590813116242115,-1.5000430207888882,-3.8059493103239084,39.73265445378092,-50.61637652395075,-57.309039293499744,6.6926627695489955
2022-04-08,17210.400390625,17316.689453125,17210.400390625,17284.5390625,3538700.0,2.0,-1.0102948047766125,-1.5069693541625906,-0.9692036908943158,-3.1284342515555563,42.892618725219364,-65.34066613448886,-58.915364661697566,-6.42530147279129
2022-04-11,17273.05078125,17316.349609375,17046.669921875,17048.369140625,4584600.0,2.0,-1.636036550143527,-2.49119528983488,-2.2145242451409697,-4.342852774350026,38.09576498036332,-94.97193334491749,-66.12667839834155,-28.845254946575935
2022-04-12,17005.83984375,17100.849609375,16905.130859375,16990.91015625,4100800.0,2.0,-1.244288368922053,-2.4370139000361113,-2.467502082979889,-4.528165486330549,37.011273883468725,-121.68863508847426,-77.2390697363681,-44.44956535210616
2022-04-13,17080.400390625,17333.2109375,17080.400390625,17301.650390625,4058700.0,2.0,0.8206511658017002,-0.5280004497013491,-0.6947726512457009,-2.67289564001969,45.969331655109684,-116.44536408170461,-85.0803286054354,-31.365035476269213
2022-04-14,17353.25,17374.140625,17245.650390625,17245.650390625,4429600.0,2.0,0.41589397701355946,-0.6769305543366522,-1.106893747427895,-2.8857306643681024,44.73460766078439,-115.4776119928465,-91.15978528291762,-24.31782670992888
2022-04-15,17139.33984375,17141.330078125,17004.1796875,17004.1796875,4078400.0,2.0,-0.6657977212557453,-1.6505308238558225,-2.50928618830194,-4.140643783733666,39.77372385115846,-132.66603767687047,-99.46103576170819,-33.205001915162285
2022-04-18,16958.66015625,16999.359375,16845.509765625,16898.869140625,4020900.0,2.0,-1.1082632268034076,-1.8083563017264104,-2.960248084335393,-4.614182980627934,37.80468988775617,-153.02173062529982,-110.17317473442651,-42.848555890873314
2022-04-19,16926.33984375,17106.259765625,16926.33984375,16993.400390625,3514900.0,2.0,-0.557967138468296,-0.895029424899374,-2.2874849315173806,-3.9636190704278595,40.64522918280904,-159.685131304268,-120.0755660483948,-39.60956525587319
2022-04-20,17057.130859375,17148.880859375,16983.55078125,17148.880859375,4801300.0,2.0,0.5316199035736657,0.23012264025665807,-1.2766776858385454,-2.9728465406756,45.087447697356055,-150.68297043958955,-126.19704692663376,-24.485923512955793
2022-04-21,17159.880859375,17213.66015625,17106.369140625,17127.94921875,3952000.0,2.0,0.547668001896584,0.1374460386587284,-1.2744825522843506,-2.9715088590487104,44.603470336265296,-143.5825710605459,-129.6741517534162,-13.90841930712969
2022-04-22,17088.759765625,17088.759765625,16923.869140625,17025.08984375,4322500.0,2.0,-0.0806865289948222,-0.31270365667056543,-1.6672079653292426,-3.428533563628333,42.20591828689128,-144.58861774579054,-132.65704495189107,-11.931572793899477
2022-04-25,16912.30078125,16912.30078125,16579.890625,16620.900390625,4528800.0,2.0,-2.133536720073703,-2.4351596132351716,-3.7018748269251667,-5.5511615082773025,34.38446516206172,-175.97213072288287,-141.32006210608944,-34.65206861679343
2022-04-26,16677.83984375,16729.470703125,16582.109375,16644.7890625,3941900.0,2.0,-1.5888637179534704,-2.096018032618585,-3.274252602436467,-5.259839366554708,35.149391927198415,-196.64932369527378,-152.3859144239263,-44.263409271347484
2022-04-27,16427.3203125,16427.3203125,16219.41015625,16303.349609375,4261400.0,2.0,-2.6341081438905234,-3.5379292876847046,-4.922306077285043,-7.033580337507816,29.801760313875725,-237.84572101757294,-169.4778757426556,-68.36784527491733
2022-04-28,16350.7197265625,16455.5703125,16256.8798828125,16419.380859375,3635500.0,2.0,-1.1041642153643338,-2.3741344317276702,-3.9292889869179337,-6.211592147218403,33.504166411804135,-258.1555540077752,-187.21341139567954,-70.94214261209567
2022-04-29,16599.83984375,16663.66015625,16521.939453125,16592.1796875,3416300.0,2.0,0.4605183662069523,-1.104452103831699,-2.5909761089499272,-5.106471043134187,38.69023204290276,-257.3413507849109,-201.23899927352582,-56.10235151138508
2022-05-03,16593.2109375,16604.869140625,16465.990234375,16498.900390625,2457700.0,2.0,0.04353984171461267,-1.4254332890667354,-2.7977557511521867,-5.505732365930783,37.01213576276257,-261.21186082215354,-213.23357158325138,-47.978289238902164
2022-05-04,16531.369140625,16617.060546875,16514.30078125,16565.830078125,2630000.0,2.0,0.5456563808905468,-0.7720697518228015,-2.097817101303656,-5.019475912005578,39.054692048360806,-255.92841799296002,-221.7725408651931,-34.15587712776693
2022-05-05,16689.98046875,16783.779296875,16650.810546875,16696.119140625,3215900.0,2.0,0.8555816431322194,0.28031145644389355,-1.0862852086031105,-4.18288796118339,42.93411852516739,-238.47897582772202,-225.11382785769888,-13.365147970023145
2022-05-06,16491.109375,16491.109375,16312.169921875,16408.19921875,3186200.0,2.0,-0.8702534203428702,-1.021112210038977,-2.569673572608555,-5.700646468187831,37.28580027611489,-245.05802230563495,-229.1026667472861,-15.955355558348856
2022-05-09,16345.83984375,16345.83984375,16048.919921875,16048.919921875,3742000.0,2.0,-2.400167713490242,-2.6149311753895677,-4.352156281699648,-7.595727047090839,31.68428331356978,-276.08031861533163,-238.4981971208952,-37.58212149443642
2022-05-10,15891.400390625,16071.5,15734.4404296875,16061.7001953125,3489400.0,2.0,-1.800261362352551,-2.2055407612863176,-3.9937150577371128,-7.336292211096529,32.07519908984758,-296.21981307246824,-250.0425203112098,-46.17729276125843
2022-05-11,16053.75,16081.150390625,15953.26953125,16006.25,2938300.0,2.0,-1.465059178376682,-2.1627818886944206,-4.042774497584056,-7.448686454623942,31.239941559986452,-313.0462723094315,-262.64327071085415,-50.40300159857736
2022-05-12,15943.6201171875,15943.6201171875,15616.6796875,15616.6796875,4040900.0,1.0,-2.5683874023457287,-4.141667206007216,-5.902988057102165,-9.466192124076889,26.09801398529225,-353.7387508021002,-280.86236672910337,-72.87638407299681
2022-05-13,15687.150390625,15860.6904296875,15687.150390625,15832.5400390625,3216400.0,1.0,-0.5069868950826506,-2.465338557426422,-4.194467446114059,-8.022381416570434,32.70731191500934,-364.36948225088963,-297.56378983346065,-66.80569241742899
2022-05-16,15943.6904296875,16032.849609375,15847.4599609375,15901.0400390625,3298100.0,1.0,0.10953436802187966,-1.6244991320961022,-3.4577376306490937,-7.4406490315864655,34.70300962458107,-363.081656665172,-310.66736319980294,-52.41429346536904
2022-05-17,15915.9296875,16085.849609375,15915.9296875,16056.08984375,2799500.0,1.0,1.0928361666081798,-0.39236708914648366,-2.266315444623046,-6.340444481446738,39.10523408499289,-345.56634842020867,-317.64716024388406,-27.91918817632461
2022-05-18,16174.7802734375,16316.580078125,16172.7998046875,16296.8603515625,3405600.0,2.0,2.234655038044142,1.2702890910099685,-0.5899995975463868,-4.753384194407295,45.27516405784164,-308.6986863695056,-315.8574654690084,7.1587790995027945
2022-05-19,16111.490234375,16111.490234375,15892.73046875,16020.3203125,3423100.0,1.0,-0.006552527529302132,-0.02832878695081531,-1.9393468065485586,-6.167435635898788,40.23294708353913,-298.3560062678771,-312.3571736287821,14.001167360905015
2022-05-20,16061.919921875,16181.66015625,16058.2001953125,16144.849609375,2836000.0,1.0,0.3793721422012286,0.9146131244911704,-0.8788667106895298,-5.245971961915896,43.295457320731806,-276.9187374202447,-305.2694863870746,28.350748966829883
2022-05-23,16193.919921875,16249.4501953125,16125.4501953125,16156.41015625,3295600.0,1.0,0.13327689352273797,0.9190681138763201,-0.5426754801109879,-5.0096772250225685,43.584462724053395,-256.04517845933515,-295.4246248015267,39.37944634219156
2022-05-24,16166.5703125,16219.7998046875,15963.6298828125,15963.6298828125,2961400.0,1.0,-0.9480035639131468,-0.22398939534984397,-1.5302034477862159,-5.950306267136529,39.92974728272348,-252.15184007803146,-286.77006785682767,34.61822777879621
2022-05-25,15987.740234375,16169.1796875,15980.900390625,16104.0302734375,3107300.0,1.0,0.16284658547689457,0.5920657332098456,-0.49821047617301106,-4.984075526914311,43.63663308647981,-235.02794733537849,-276.4216437525378,41.39369641715933
2022-05-26,16128.2099609375,16179.009765625,15949.6103515625,15968.830078125,3062100.0,1.0,-0.6144055682104521,-0.4713775358756389,-1.2314984774222104,-5.625553732399446,41.012080746264054,-229.71861165212795,-267.0810373324558,37.362425680327874
2022-05-27,16075.91015625,16266.2197265625,16075.91015625,16266.2197265625,2951400.0,2.0,1.0837534817121686,1.1088613013238602,0.6555566820006131,-3.7132222604567056,48.36828481381575,-199.2176090431476,-253.50835167459417,54.29074263144656
2022-05-30,16368.9296875,16610.619140625,16368.9296875,16610.619140625,3342400.0,2.0,2.6445168247578366,2.796207616541424,2.7808404287594124,-1.5524885041828473,55.31768881497524,-145.57706845228677,-231.92209503013268,86.34502657784591
2022-05-31,16561.6796875,16807.76953125,16493.0703125,16807.76953125,5523600.0,2.0,2.790422625761635,3.534663387082082,3.901452716708742,-0.27303680878070224,58.74116921273828,-86.16490926768347,-202.77065787764283,116.60574860995936
2022-06-01,16718.91015625,16811.0390625,16649.91015625,16675.08984375,3097600.0,2.0,1.2716380576660802,2.47860446872894,3.046460223166947,-0.9563157217864604,55.650902863926596,-49.21911962997183,-172.06035022810863,122.8412305981368
2022-06-02,16605.4609375,16617.259765625,16540.55078125,16552.5703125,2638200.0,2.0,-0.18021095646292284,1.393987327205215,2.3347203548508277,-1.6230592657478504,52.88418598316529,-29.485724319743895,-143.5454250464357,114.0597007266918
2022-06-06,16570.890625,16654.119140625,16509.009765625,16605.9609375,2873700.0,2.0,-0.26690656327765794,1.4345264698060411,2.602080032602405,-1.2842998868035638,53.95839144222174,-9.42998612147494,-116.72233726144354,107.2923511399686
2022-06-07,16593.75,16593.75,16465.869140625,16512.880859375,2437900.0,2.0,-0.709364867216522,0.6468114387134127,1.8809445818565917,-1.7887298353811643,51.743497894607685,-1.0345281114750833,-93.58477543144986,92.55024731997477
2022-06-08,16538.669921875,16702.990234375,16538.669921875,16670.509765625,2409700.0,2.0,0.4041787368976202,1.1716724470972606,2.660672946147047,-0.7762077541496049,55.1044402264291,18.129285108454496,-71.24196332346898,89.37124843192348
2022-06-09,16643.94921875,16643.94921875,16557.5390625,16621.33984375,2366400.0,2.0,0.17289279257879375,0.5575645337373869,2.1643816048227293,-1.0056858159449344,53.844655994324896,29.01468021542678,-51.19063461568983,80.20531483111661
2022-06-10,16581.810546875,16581.810546875,16403.330078125,16460.119140625,2373300.0,2.0,-0.6880768270360549,-0.7129121389936599,0.9118487823748023,-1.8876964357784187,49.82265292122003,24.351561258321453,-36.082195440887574,60.43375669920903
2022-06-13,16295.0703125,16295.0703125,16055.8896484375,16070.98046875,3106700.0,2.0,-2.405912143589717,-2.945889722852213,-1.5457992211798333,-4.125757263107799,41.721794596799356,-10.621791364865203,-30.9901146256831,20.368323260817895
2022-06-14,15975.169921875,16067.7998046875,15869.0595703125,16047.3701171875,3086200.0,2.0,-1.9951903977525887,-2.7577039432824635,-1.7344861924812771,-4.181488702231173,41.283202988486956,-39.78496700493997,-32.749085101534476,-7.035881903405496
2022-06-15,16025.83984375,16106.75,15981.5595703125,15999.25,2967000.0,2.0,-1.4813097302819767,-2.5719597697766883,-2.012095380780232,-4.330861625239136,40.35215309294923,-66.01886077773452,-39.40304023677449,-26.61582054096003
2022-06-16,16098.2900390625,16209.25,15838.2900390625,15838.6103515625,3636900.0,2.0,-1.5211814803337553,-3.0563721125330345,-2.8596224484182087,-5.138467139984016,37.32580096367325,-98.63468841493523,-51.24936987240663,-47.385318542528594
2022-06-17,15794.16015625,15794.16015625,15573.3798828125,15641.259765625,4373500.0,2.0,-1.7477588957426238,-3.7273020599213114,-3.958360491233881,-6.140647850329051,33.95645611237661,-138.8074241779559,-68.76098073351649,-70.04644344443942
2022-06-20,15649.2001953125,15667.6796875,15367.580078125,15367.580078125,3998700.0,2.0,-2.606241399043674,-4.685296952409612,-5.413114095236304,-7.580310818280189,29.92256660620959,-190.53193667971937,-93.11517192275707,-97.4167647569623
2022-06-21,15427.330078125,15728.6396484375,15427.330078125,15728.6396484375,3553500.0,2.0,0.08636093534235556,-1.9690546391001762,-3.0631927965145023,-5.218658211458759,40.042270341788644,-200.08306266979525,-114.5087500721647,-85.57431259763055
2022-06-22,15687.4599609375,15687.4599609375,15346.9501953125,15347.75,3950300.0,2.0,-1.520830911472404,-3.5478233710236173,-5.230786333913018,-7.294988641080535,34.3988932259233,-235.67034914512806,-138.74106988675737,-96.92927925837068
2022-06-23,15305.509765625,15380.2802734375,15102.400390625,15176.4404296875,3916600.0,2.0,-1.7854490782200028,-3.750425362526788,-6.0194426986379,-8.09840557334005,32.20076175430287,-274.53214502229457,-165.89928491386482,-108.63286010842975
2022-06-24,15232.33984375,15424.3701171875,15232.33984375,15303.3203125,3081400.0,2.0,-0.5292630814562438,-2.2284508557053884,-5.038057207822854,-7.122292003913955,35.48882363726646,-291.72937740799716,-191.0653034126913,-100.66407399530587
2022-06-27,15409.080078125,15656.349609375,15409.080078125,15548.009765625,3120800.0,2.0,0.8247138294307232,-0.33214018578486826,-3.3042087269745113,-5.445893031850835,41.39191943686903,-282.3590546414325,-209.32405365843954,-73.03500098299298
2022-06-28,15519.5595703125,15533.33984375,15375.650390625,15439.919921875,3094700.0,2.0,0.5001067201315434,-0.6381209058495263,-3.6255978034371528,-5.88376746079764,39.66524929070568,-280.42241830419516,-223.54372658759067,-56.87869171660449
2022-06-29,15365.5400390625,15365.5400390625,15218.0703125,15240.1298828125,3239700.0,2.0,-0.6611723503175182,-1.4423704213427535,-4.404965883055512,-6.8694931645045365,36.62412158798934,-291.6470804916389,-237.16439736840033,-54.48268312323859
2022-06-30,15146.919921875,15147.76953125,14825.73046875,14825.73046875,3673000.0,2.0,-2.918468231121185,-3.490117273678517,-6.461787977500732,-9.142747249792594,31.269009368978157,-330.17522115639804,-255.76656212599988,-74.40865903039816
2022-07-01,14812.1298828125,14812.1298828125,14336.0302734375,14343.080078125,4290300.0,2.0,-4.882788530665105,-5.836242616225751,-8.871749253200345,-11.814219988353859,26.423024072152185,-395.10043122956995,-283.6333359467139,-111.46709528285606
2022-07-04,14237.830078125,14412.4697265625,14167.099609375,14217.0595703125,3244400.0,2.0,-4.024282792216005,-5.953217971670743,-8.981687201259858,-12.32295335130199,25.31965939768205,-451.51811004425326,-317.21029076622176,-134.3078192780315
2022-07-05,14345.5400390625,14488.7998046875,14100.8896484375,14349.2001953125,3468200.0,2.0,-1.6844067785496186,-4.204961435236532,-7.49502747198707,-11.240245025872298,28.682545832124145,-480.03335714927016,-349.77490404283145,-130.2584531064387
2022-07-06,14289.669921875,14319.3203125,13985.509765625,13985.509765625,3688700.0,1.0,-2.50002335180064,-5.77605277144555,-9.052507503583362,-13.21588858173276,25.30506036687879,-525.9162390767124,-385.00317104960766,-140.9130680271047
2022-07-07,14052.1796875,14355.150390625,13951.8095703125,14336.26953125,3460100.0,2.0,0.6320671653861742,-2.863056352275828,-6.07366196320841,-10.794412232252892,33.444964558166674,-527.8901824848035,-413.5805733366468,-114.30960914815671
2022-07-08,14462.5,14552.419921875,14373.83984375,14464.5302734375,3508600.0,2.0,1.3595614569711145,-1.4338294760043002,-4.609755539619343,-9.730729835400442,36.183568862847665,-513.1892506501481,-433.5023087993471,-79.68694185080102
2022-07-11,14478.3095703125,14525.0302734375,14313.9404296875,14340.5302734375,2620100.0,2.0,0.3170451636676397,-1.4680695705458158,-4.884783331849796,-10.233334598167932,34.69710541997359,-505.71485390618545,-447.9448178207148,-57.77003608547068
2022-07-12,14235.6298828125,14235.6298828125,13928.66015625,13950.6201171875,3120000.0,1.0,-1.8632621026804297,-3.15610900863863,-6.823004055997995,-12.394951256153497,30.459734410077647,-525.1996569112725,-463.39578563882634,-61.8038712724462
2022-07-13,14194.9404296875,14403.509765625,14194.9404296875,14324.6796875,3342700.0,1.0,0.2895243797232938,0.07656074482127462,-3.7865866780332325,-9.802981042839098,38.250778122571646,-504.6408370537338,-471.6447959218078,-32.99604113192595
2022-07-14,14252.01953125,14450.4697265625,14159.3896484375,14438.51953125,2947600.0,1.0,0.9420138773725606,1.1454965325737199,-2.5638289869472475,-8.841763135629321,40.4378733623717,-473.7013657316875,-472.05610988378373,-1.6452558479037407
2022-07-15,14483.9599609375,14579.73046875,14378.330078125,14550.6201171875,3025600.0,1.0,1.6034234268366587,1.7828105646535697,-1.4446505622686345,-7.882157297149961,42.594083750903664,-435.12023615123326,-464.66893513727365,29.548698986040392
2022-07-18,14589.099609375,14719.6396484375,14589.099609375,14719.6396484375,3117300.0,1.0,2.242327971366609,2.604401394709255,-0.08057770406071363,-6.574715581019063,45.781107324215334,-386.4511807260769,-449.0253842550343,62.574203528957355
2022-07-19,14638.4501953125,14720.1298828125,14598.990234375,14694.080078125,2964100.0,1.0,1.021430585581351,2.1805930107488214,0.09739991861081876,-6.506404007050248,45.37089630663218,-345.95509241817854,-428.4113258876631,82.45623346948457
2022-07-20,14810.400390625,14906.9501953125,14694.2001953125,14733.2197265625,3539900.0,1.0,0.7247032350667482,1.9228199186156036,0.5745370955283935,-6.069342622737894,46.166364452040995,-307.1626285703296,-404.1615864241964,96.99895785386678
2022-07-21,14744.169921875,14937.7001953125,14716.01953125,14937.7001953125,3418100.0,2.0,1.4303490125381346,2.9092262300718597,2.0535581450928264,-4.592631146332127,50.24274504940254,-256.95741148360685,-374.7207514360785,117.76333995247165
2022-07-22,14953.26953125,14996.240234375,14902.3203125,14949.3603515625,3674900.0,2.0,0.9628032496049155,2.646704928151844,2.2568602736598775,-4.3803384301811406,50.47304817760444,-213.76439518792904,-342.5294801864486,128.76508499851957
2022-07-25,14902.25,14968.23046875,14851.3701171875,14936.330078125,2629600.0,2.0,0.5804120587209916,2.139389462593866,2.3819144461616704,-4.31240193640755,50.19345641637531,-178.52710343347462,-309.7290048358538,131.20190140237918
2022-07-26,14912.41015625,14912.41015625,14750.7099609375,14806.7802734375,2617400.0,1.0,-0.44307992823249265,0.6641286780567635,1.714623230303336,-4.96117095257792,47.383131631924776,-159.21949911735283,-279.6271036921536,120.40760457480076
2022-07-27,14791.7099609375,14921.58984375,14717.01953125,14921.58984375,2569700.0,2.0,0.07536840981772208,1.0346543055722357,2.615574922249997,-4.062373206645386,50.0521538444917,-133.1193932707647,-250.3255616078758,117.20616833711111
2022-07-28,14978.9501953125,15031.990234375,14849.9404296875,14891.900390625,2911200.0,2.0,-0.06235606358258039,0.5250282125619066,2.3881051110677953,-4.081206571097851,49.35493903799273,-113.52195169413972,-222.9648396251286,109.44288793098889
2022-07-29,14950.1796875,15035.26953125,14929.490234375,15000.0703125,3117200.0,2.0,0.5950918391553373,0.948937250257309,2.8994162887143515,-3.208253984157128,51.97951630219947,-88.24519370881717,-196.0209104418663,107.77571673304914
2022-08-01,14982.26953125,14994.3603515625,14886.8095703125,14981.6904296875,2658300.0,2.0,0.4107406907067235,0.647742685728181,2.5044974941548226,-3.17831569887278,51.49122789005217,-68.90202418730951,-170.59713319095493,101.69510900364543
2022-08-02,14860.9404296875,14860.9404296875,14663.4599609375,14747.23046875,3161000.0,1.0,-1.0817041315616116,-0.9627339492263798,0.7631210528339372,-4.559739087366421,45.60583777162829,-71.66526974595945,-150.81076050195583,79.14549075599638
2022-08-03,14757.509765625,14777.01953125,14673.349609375,14777.01953125,2649100.0,1.0,-0.6892847779651268,-0.7918624778776473,0.6943758887603124,-4.234250643293103,46.443420418177645,-70.63717202414955,-134.77604280639457,64.13887078224502
2022-08-04,14741.4697265625,14766.5703125,14545.6904296875,14702.2001953125,2766400.0,1.0,-0.939532097768403,-1.1378672930360212,0.05978609326799944,-4.584738611144356,44.58638848679733,-74.99519437359595,-122.81987311983485,47.8246787462389
2022-08-05,14802.33984375,15041.41015625,14802.33984375,15036.0400390625,2749400.0,2.0,1.2607311749930572,1.0480778918593447,2.1331963403215193,-2.3568395195879943,53.51729547023957,-50.9238546117831,-108.4406694182245,57.5168148064414
2022-08-08,14972.2099609375,15034.8701171875,14908.169921875,15020.41015625,2558700.0,2.0,1.1027442201602344,0.8860331984832381,1.7919853985095546,-2.372525751167187,53.08591482750732,-32.731042263647396,-93.29874398730908,60.567701723661685
2022-08-09,14965.1201171875,15077.6298828125,14905.23046875,15050.2802734375,2854300.0,2.0,0.8921937310343742,0.9216023253446393,1.615776942859326,-2.088144022740601,53.85149385962752,-15.72160965384137,-77.78331712061554,62.061707466774166
2022-08-10,14940.759765625,14982.330078125,14890.5498046875,14939.01953125,2863700.0,2.0,-0.0707076768318049,0.16382216857997456,0.6558182057629036,-2.6941094656972697,50.54294872595004,-11.091468271897611,-64.44494735087196,53.353479078974345
2022-08-11,15087.58984375,15204.7900390625,15087.58984375,15197.849609375,3417400.0,2.0,0.9909792213171897,1.6906356220304897,2.1384778100377755,-0.8899638843816726,57.13998801376904,13.30994751334947,-48.89396837802767,62.20391589137714
2022-08-12,15203.91015625,15298.419921875,15198.9296875,15288.9697265625,2921300.0,2.0,1.2561098434186624,2.102960047076685,2.4965572345826414,-0.21642298588044895,59.203142607115254,39.54502680719452,-31.206169340983234,70.75119614817775
2022-08-15,15332.919921875,15437.23046875,15315.1201171875,15417.349609375,3136600.0,2.0,1.5723082849273595,2.6616217824404265,3.116051800052677,0.7011380365955944,61.98003222085471,69.89005078818809,-10.986925315148966,80.87697610333706
2022-08-16,15435.0400390625,15451.830078125,15392.490234375,15420.5703125,3045100.0,2.0,1.100251006193309,2.2247269571946005,2.8876277014950213,0.8029222655490775,62.04982076525296,93.12509659764692,9.835479067410212,83.28961753023671
2022-08-17,15423.4404296875,15475.8896484375,15390.83984375,15465.4501953125,3108600.0,2.0,0.6993881995372986,2.05648710741555,2.935624023513661,1.1511989189603167,63.067171420117894,113.84809924710862,30.638003103349895,83.21009614375873
2022-08-18,15384.73046875,15396.759765625,15311.2197265625,15396.759765625,2635800.0,2.0,-0.006885106173337707,1.1396358643073423,2.3221122696347907,0.7796307490616883,60.39839943696666,123.30707731082111,49.171817944844136,74.13525936597698
2022-08-19,15394.3603515625,15458.4501953125,15346.259765625,15408.7802734375,3252400.0,2.0,-0.08430775241249355,0.971369884692308,2.245910140201457,0.919970016033389,60.711715347624505,130.27164961004564,65.39178427788444,64.8798653321612
2022-08-22,15375.2001953125,15375.2001953125,15229.3603515625,15245.1396484375,2782000.0,2.0,-0.924138871721869,-0.24783880273864245,1.0565239779586566,-0.040381423725488474,54.40163797500986,121.18969315376853,76.55136605306126,44.63832710070727
2022-08-23,15225.169921875,15225.169921875,15086.4296875,15095.8896484375,2405400.0,2.0,-1.4783206290502782,-1.2538819798654788,-0.028614499181545128,-0.8548715886288472,49.3623844882241,100.78713817345124,81.39852047713926,19.388617696311982
2022-08-24,15112.150390625,15183.9599609375,15053.51953125,15069.1904296875,2665500.0,2.0,-1.1412437793210883,-1.512388853956681,-0.254177511541287,-0.8415177748720248,48.496943432784995,81.52380684216587,81.42357775014457,0.10022909202129426
2022-08-25,15105.3095703125,15244.0595703125,15105.3095703125,15200.0400390625,2502900.0,2.0,-0.02478305927083868,-0.6586180709914902,0.5094395423071774,0.18156326502294373,52.859068226680414,75.94055248042059,80.32697269619977,-4.386420215779182
2022-08-26,15221.5,15337.25,15221.5,15278.4404296875,3192200.0,2.0,0.6634742087150647,-0.13935253903482048,0.9349620088822119,0.8394258133292087,55.301852341762434,76.95495070862307,79.65256829868443,-2.6976175900613555
2022-08-29,15197.1904296875,15197.1904296875,14843.7197265625,14926.1904296875,2973800.0,2.0,-1.2422944577601736,-2.1274817229491427,-1.3740494800650094,-1.3030937419362787,44.21569905832717,48.77301256024839,73.47665715099723,-24.703644590748837
2022-08-30,14919.669921875,15027.5,14911.9697265625,14953.6298828125,2729600.0,2.0,-0.8741399008368234,-1.6464219740269903,-1.2600719410740369,-0.9514519117854614,45.138311911510904,28.326230926220887,64.44657190604195,-36.120340979821066
2022-08-31,14912.1201171875,15095.4404296875,14874.330078125,15095.4404296875,3006200.0,2.0,0.031093140145843634,-0.4714835053080346,-0.4283638857426886,0.1620222448637909,49.76267353265757,23.29638887333749,56.21653529950106,-32.92014642616357
2022-09-01,14981.0,14981.0,14773.1904296875,14801.8603515625,3009700.0,2.0,-1.3939803318882449,-2.0228403816843543,-2.396939912515761,-1.5879384176814892,41.89040478677219,-4.32934989457317,44.10735826068621,-48.43670815525938
2022-09-02,14790.2802734375,14817.400390625,14673.0400390625,14673.0400390625,3003400.0,2.0,-1.457298306667898,-2.400218350479777,-3.1304434430828976,-2.2508469605928894,38.97671138842404,-36.20037414413673,28.04581177972162,-64.24618592385835
2022-09-05,14670.1796875,14753.0302734375,14632.7900390625,14661.099609375,2643200.0,2.0,-1.1856459283786647,-2.099314845592959,-3.094336582796997,-2.1772606849275955,38.70796052201149,-61.71052287149723,10.094544849477849,-71.80506772097507
2022-09-06,14705.16015625,14789.3095703125,14623.2197265625,14677.2001953125,2642400.0,2.0,-0.7071428239213362,-1.717019083921023,-2.868155078838064,-1.9203904471877808,39.315575300041125,-79.7094755845701,-7.8662592373317395,-71.84321634723835
2022-09-07,14557.8603515625,14557.8603515625,14397.1201171875,14410.0498046875,2439500.0,2.0,-1.6019515339219415,-3.0781448607401174,-4.468911737844761,-3.534869527986051,33.39916041965036,-114.2139913431347,-29.13580565849233,-85.07818568464236
2022-09-08,14447.08984375,14583.419921875,14447.08984375,14583.419921875,2349200.0,2.0,-0.12014271587548198,-1.503556865726352,-3.1222502418185694,-2.2373684444256026,39.73708720004586,-126.11576509522274,-48.531797545838415,-77.58396754938433
2022-09-12,14711.33984375,14856.23046875,14711.33984375,14807.4296875,2620300.0,2.0,1.2277263469406385,0.3285714649635674,-1.4765699733234827,-0.643114798309008,46.78383143913155,-116.13357502098734,-62.0521530408682,-54.08142198011914
2022-09-13,14895.8701171875,14949.5595703125,14856.98046875,14894.41015625,2535400.0,2.0,1.4985735381511267,0.9396477521798063,-0.7251212735948309,-0.006569361307240396,49.26461472873717,-100.05069839563475,-69.65186211182152,-30.39883628381324
2022-09-14,14695.1904296875,14699.7802734375,14522.7001953125,14658.3095703125,2515900.0,2.0,-0.08461925913089141,-0.4611935628184183,-2.0499641853613304,-1.4736316487712453,43.35637398878957,-105.14420990758663,-76.75033167097453,-28.393878236612096
2022-09-15,14647.0,14750.2802734375,14624.5498046875,14670.0400390625,2703700.0,2.0,-0.35782674144619886,-0.09293237743971394,-1.7103687721425787,-1.31986604939901,43.71753361776846,-107.00086432683747,-82.80043820214712,-24.200426124690352
2022-09-16,14602.16015625,14602.16015625,14521.650390625,14561.759765625,3637300.0,2.0,-1.0641794366624269,-0.6679282276775389,-2.16217140656767,-1.9806815150716695,41.11178144978748,-115.87386764375151,-89.415124090468,-26.45874355328351
2022-09-19,14567.26953125,14585.0595703125,14424.330078125,14425.6796875,2314800.0,2.0,-1.4776640315068867,-1.4298668698619066,-2.755304851659024,-2.800972037918792,38.04289445361804,-132.36054180066276,-98.00420763250695,-34.35633416815581
2022-09-20,14474.9501953125,14558.7197265625,14461.3896484375,14549.2998046875,2436500.0,2.0,-0.16275262350416986,-0.5091717813331398,-1.6914027154635969,-1.8579600165770205,42.25960360440737,-133.90763566020178,-105.18489323804592,-28.72274242215586
2022-09-21,14517.33984375,14525.4599609375,14384.1103515625,14424.51953125,2716200.0,2.0,-0.7003883726198978,-1.191713966385488,-2.3129604829066563,-2.588461907751316,39.34853426124154,-143.54771521855582,-112.85745763414789,-30.69025758440793
2022-09-22,14325.669921875,14325.669921875,14151.7998046875,14284.6298828125,3106100.0,2.0,-1.1388042599201786,-2.065823109977827,-3.0026471843430214,-3.4293069117237174,36.32729884283376,-160.62390089924884,-122.41074628716808,-38.21315461208076
2022-09-23,14231.0302734375,14277.5302734375,14109.7099609375,14118.3798828125,2584800.0,2.0,-1.6860265684538467,-2.896024537235975,-3.7781731107499605,-4.477101654522997,33.07686652571179,-185.43431531119677,-135.0154600919738,-50.41885521922296
2022-09-26,13993.419921875,13993.419921875,13743.1904296875,13778.1904296875,3149000.0,2.0,-3.1818800665470492,-4.56018042997286,-5.614150858072553,-6.719354695218993,27.629098463645306,-229.89708280276682,-153.99178463413242,-75.9052981686344
2022-09-27,13812.990234375,13862.83984375,13732.3203125,13826.58984375,2722800.0,2.0,-1.8448356435981306,-3.5112291324636447,-4.924509703675417,-6.350421448672572,29.41040587796871,-258.2517527036798,-174.8437782480419,-83.40797445563791
2022-09-28,13816.7001953125,13854.08984375,13466.0703125,13466.0703125,3481100.0,2.0,-3.085345737541545,-5.238695130888404,-6.927529287290279,-8.701256279568792,24.560946096381244,-306.28330280890987,-201.1316831602155,-105.15161964869438
2022-09-29,13550.7001953125,13651.2900390625,13462.5703125,13534.259765625,2992600.0,2.0,-1.5310505951627418,-3.9914918357851548,-5.948808848270682,-8.192124568442106,27.012349696615384,-334.98483665564163,-227.9023138593007,-107.08252279634092
2022-09-30,13409.650390625,13466.8203125,13274.7197265625,13424.580078125,2822000.0,2.0,-1.3329327729334817,-3.995073000862104,-6.262410257004547,-8.842164046001733,25.57291332136994,-362.4036791377748,-254.80258691499552,-107.6010922227793
2022-10-03,13359.259765625,13440.23046875,13273.48046875,13300.48046875,2183300.0,1.0,-1.5537340544523937,-4.110964343904788,-6.68176163275146,-9.565709010533274,24.01365769756937,-389.6554057147987,-281.7731506749561,-107.88225503984256
2022-10-04,13447.3603515625,13586.9599609375,13447.3603515625,13576.51953125,2392400.0,2.0,0.8628098350431213,-1.4295825815628938,-4.38121916683647,-7.6088380656141315,33.69758017613918,-384.545745987798,-302.3276697375245,-82.2180762502735
2022-10-05,13727.2998046875,13902.01953125,13727.2998046875,13801.4296875,2785100.0,2.0,2.0253314714560933,0.6587116545239136,-2.496486318052815,-6.062380247749488,40.36613780666718,-358.2186127004006,-313.5058583300997,-44.7127543703009
2022-10-06,13865.4501953125,13899.23046875,13814.330078125,13892.0498046875,2151900.0,2.0,2.1548469291506,1.6105702154778134,-1.6763693407284341,-5.399158767078904,42.85983796503319,-326.2807227115518,-316.06083120639016,-10.219891505161627
2022-10-07,13847.51953125,13847.51953125,13684.2099609375,13702.2802734375,1873700.0,2.0,0.34954146043273404,0.5284956638932581,-2.716147217653453,-6.613400913701195,39.16623920113476,-312.6781706808397,-315.3842991012801,2.7061284204403933
2022-10-11,13394.1201171875,13394.1201171875,13106.0302734375,13106.0302734375,2847100.0,2.0,-3.742981015845026,-3.369444468025029,-6.383996442521067,-10.530274708410214,30.32384219672987,-346.0217191390475,-321.5117831088336,-24.509936030213908
2022-10-12,13076.91015625,13130.73046875,12991.58984375,13081.240234375,2438200.0,2.0,-3.22096995762865,-3.0192681799495857,-5.952043629769232,-10.532728998968654,30.02037776679543,-370.1798674102756,-331.245399969122,-38.93446744115363
2022-10-13,13108.400390625,13111.3896484375,12809.4296875,12810.73046875,3440400.0,1.0,-3.81226887650572,-4.561062442048936,-7.2810783586147565,-12.194339179178682,26.861425639519588,-406.4677441693839,-346.2898688091744,-60.1778753602095
2022-10-14,13023.7099609375,13221.8701171875,13023.7099609375,13128.1201171875,2967500.0,2.0,-0.28528838214140206,-1.8997115661298913,-4.450784637239591,-9.853637503507928,35.444705126711135,-404.9474734452433,-358.0213897363882,-46.92608370885512
2022-10-17,12988.830078125,12988.830078125,12814.8203125,12966.0498046875,3036700.0,2.0,-0.4023861416585284,-2.7776662116060558,-5.079165288088738,-10.765166250787338,33.2959191251618,-412.0702780238207,-368.8311673938747,-43.239110629946026
2022-10-18,13075.0498046875,13143.150390625,12978.1298828125,13124.6796875,2610300.0,2.0,0.7872395441185898,-1.4583269742219018,-3.45813533163013,-9.483998075827982,37.302364088411096,-400.3006296712956,-375.1250598493589,-25.175569821936733
2022-10-19,13096.349609375,13155.6201171875,12976.759765625,12976.759765625,2470600.0,2.0,-0.18850625326628512,-2.1282041376646688,-3.9909186384679995,-10.302110528946839,35.18041903615076,-398.31744447719393,-379.7635367749259,-18.55390770226802
2022-10-20,12912.9296875,12946.099609375,12698.91015625,12946.099609375,3533700.0,2.0,-0.6312559862355349,-1.7254795682562163,-3.691038130704971,-10.321808510278474,34.739304594979714,-394.6702611971741,-382.74488165937555,-11.925379537798563
2022-10-21,12931.2001953125,12954.01953125,12813.599609375,12819.2001953125,2220400.0,1.0,-1.1364436060697924,-1.8897642585701369,-4.112404447130713,-10.984786373538547,32.900551638505,-397.4381448067361,-385.6835342888477,-11.754610517888409
2022-10-24,12913.580078125,13027.83984375,12856.76953125,12856.98046875,2281500.0,1.0,-0.6779854196674262,-0.9598870612069876,-3.373961906434364,-10.51169495435037,34.02025519665077,-392.0636939724136,-386.9595662255609,-5.1041277468527255
2022-10-25,12830.2900390625,12843.3095703125,12629.48046875,12666.1201171875,2289400.0,1.0,-1.4542242920429604,-2.098364230391858,-4.408902529616965,-11.600797858126121,31.188749876175,-398.6103067599397,-389.28971433243663,-9.320592427503072
2022-10-26,12666.419921875,12791.9697265625,12635.51953125,12729.0498046875,2218400.0,1.0,-0.581405805353763,-1.3433894568302018,-3.5344546421151923,-10.928208093916236,33.163967780855266,-394.1768196930716,-390.26713540456365,-3.909684288507947
2022-10-27,12807.6904296875,12954.3203125,12807.6904296875,12926.3701171875,2373300.0,1.0,0.9908632305111853,0.09623047327662615,-1.8383436824978117,-9.354962668748378,39.06989877419146,-370.47059470116073,-386.30782726388304,15.837232562722306
2022-10-28,12874.830078125,12891.3798828125,12723.98046875,12788.419921875,2112200.0,1.0,-0.038833841583851836,-0.7108169225565342,-2.6101244071295104,-10.113416711225643,36.632747906309376,-358.68002836830965,-380.78226748476834,22.10223911645869
2022-10-31,12862.3701171875,12977.6103515625,12826.33984375,12949.75,2003500.0,1.0,1.0756215404076341,0.554473750413953,-1.2028915028625797,-8.792225784776253,41.248444028653964,-332.4852476204269,-371.12286351190005,38.63761589147316
2022-11-01,12933.1201171875,13062.900390625,12907.6103515625,13037.2099609375,2030700.0,1.0,1.172187839184713,1.3024026930963828,-0.4356455060808062,-7.960268576896379,43.64497793076799,-301.1964025993457,-357.1375713293892,55.9411687300435
2022-11-02,13033.150390625,13100.169921875,13014.0400390625,13100.169921875,2032900.0,1.0,1.0785632406302703,1.6941001183107929,0.22748214256027577,-7.306352669780791,45.37246830468236,-268.2274655695892,-339.35555017742917,71.12808460783998
2022-11-03,12985.5498046875,12991.3701171875,12905.349609375,12986.599609375,2009100.0,1.0,0.10922954828436193,0.780790773456097,-0.33075138564565565,-7.885771874028413,42.82247061961433,-248.40011857397258,-321.1644638567378,72.76434528276525
2022-11-04,12941.7802734375,13029.9404296875,12868.25,13026.7099609375,2354400.0,1.0,0.0508604117585687,0.9295297755728793,0.3101810883880285,-7.391911464100187,44.01911059100298,-226.83541560576668,-302.2986542065436,75.46323860077689
2022-11-07,13109.349609375,13246.58984375,13103.349609375,13223.73046875,2750000.0,1.0,1.1384153354850213,2.165715338933749,2.01527037758904,-5.770869398746948,49.598899716513046,-191.63823840511213,-280.1665710462573,88.52833264114514
2022-11-08,13274.91015625,13389.25,13274.91015625,13347.759765625,3009500.0,1.0,1.6043687101469972,2.5837207412377383,2.8761782648196066,-4.667283220720686,52.78909899059661,-151.9841159085281,-254.53008001871143,102.54596411018332
2022-11-09,13410.1904296875,13638.8095703125,13410.1904296875,13638.8095703125,2981300.0,1.0,2.975432017612678,4.092764543694094,4.8940224503612795,-2.381870202314984,59.29946785895377,-95.96641026338693,-222.81734606764653,126.85093580425959
2022-11-10,13556.509765625,13559.400390625,13463.849609375,13503.759765625,2335900.0,1.0,1.1657481661351055,2.6098803419130734,3.579336739361194,-3.126967171020767,55.4766396219599,-61.75746393228292,-190.6053696405738,128.84790570829088
2022-11-11,13878.9501953125,14045.509765625,13878.9501953125,14007.5595703125,3988800.0,1.0,3.420146683333014,5.46109372657797,7.082515357714003,0.6626478451439155,64.63564725028083,5.93736406780954,-151.29682289889712,157.23418696670666
2022-11-14,14080.91015625,14217.2998046875,14076.9404296875,14174.900390625,3396800.0,1.0,3.206092137340155,5.74558394779614,7.86337895956899,2.014503068185247,67.05956769778315,72.25608547095544,-106.5862412249266,178.84232669588204
2022-11-15,14325.490234375,14568.509765625,14278.5302734375,14546.3095703125,3441500.0,1.0,4.093536821745647,7.3082449737287725,10.094113097856816,4.795888320021979,71.696476696587,153.01984921805342,-54.66502313633059,207.68487235438403
2022-11-16,14637.849609375,14657.66015625,14481.0595703125,14537.349609375,3356100.0,1.0,2.708594631289829,6.1170847736176315,9.380333945955211,4.820420241751422,71.43523054883698,213.83773163209844,-0.9644721826447764,214.80220381474322
2022-11-17,14489.41015625,14545.8896484375,14383.5498046875,14535.23046875,2707100.0,1.0,1.2183653080815926,4.915606596115674,8.714452791419047,4.875801973014915,71.36899364886739,258.8811242242173,51.00464709872764,207.87647712548963
2022-11-18,14584.3095703125,14669.98046875,14470.48046875,14504.990234375,2787500.0,1.0,0.31282809693622404,3.5919787050560092,7.808613771137907,4.728666150563909,70.36631352583488,288.8089928949739,98.5655162579769,190.24347663699703
2022-11-21,14514.7099609375,14530.759765625,14421.650390625,14449.3896484375,2186300.0,1.0,-0.44964391320688746,2.2994184212717705,6.763555395474641,4.4215443558850875,68.46181713605893,304.53010829847335,139.7584346660762,164.77167363239715
2022-11-22,14404.080078125,14542.7900390625,14371.08984375,14542.2001953125,2281400.0,1.0,0.19545605875430638,2.093156756771064,6.70971005309795,5.1855341635252294,69.92508042219569,320.78048327074794,175.96284438701053,144.8176388837374
2022-11-23,14595.5,14647.98046875,14573.41015625,14608.5400390625,2345700.0,2.0,0.5538927140763095,1.8653975437527892,6.462365571615991,5.70585684254683,70.96215960995559,335.1487077986476,207.80001706933794,127.34869072930965
2022-11-24,14649.7998046875,14784.0,14649.7998046875,14784.0,2615600.0,2.0,1.41431242571608,2.1767365047535625,7.016675795723959,6.997355156356666,73.55915425495913,356.5833112750788,237.55667591048612,119.02663536459269
2022-11-25,14764.9404296875,14835.66015625,14756.009765625,14778.509765625,2808900.0,2.0,0.9976528774725324,1.5974529436210583,6.211909125573323,6.998524845599086,73.33813295471143,368.87520913382104,263.8203825551531,105.05482657866793
2022-11-28,14636.900390625,14638.1904296875,14503.1201171875,14556.8701171875,2567800.0,1.0,-0.6629844887289127,-0.1883448246949304,4.0182856322702465,5.424988598500713,64.86491277299292,356.6212516362957,282.38055637138166,74.24069526491405
2022-11-29,14503.7900390625,14716.580078125,14449.0498046875,14709.6396484375,3143000.0,2.0,0.15065679268531085,0.7463195939565015,4.485590570531017,6.526682863057021,67.64014415355382,355.1432560711546,296.93309631133627,58.21015975981834
2022-11-30,14678.23046875,14879.5498046875,14678.23046875,14879.5498046875,4457700.0,2.0,0.9350061922365649,1.6717432054203396,5.028752307494444,7.728761486113611,70.4370227019236,363.49215228284083,310.2449075056372,53.24724477720366
2022-12-01,15059.919921875,15152.3798828125,14998.0302734375,15012.7998046875,3771700.0,2.0,1.5237624707334474,2.2485784450416046,5.216897464253112,8.649500141569177,72.44819659307915,376.520579203303,323.50004184517036,53.02053735813263
2022-12-02,14933.2001953125,15021.73046875,14921.0595703125,14970.6796875,2999500.0,2.0,0.9764789909049609,1.6393390234258343,4.211794591093487,8.271455779698211,70.80838785751509,379.07719403254487,334.61547228264527,44.461721749899596
2022-12-05,14972.169921875,15088.0595703125,14969.9697265625,14980.740234375,3216700.0,2.0,0.4698537545657189,1.3420549869911147,3.6479855504083503,8.292352752538946,70.9773615944276,377.5628225636319,343.2049423388426,34.35788022478931
2022-12-06,14955.2900390625,14957.8203125,14728.8798828125,14728.8798828125,3221700.0,2.0,-1.2447593149680358,-0.4874056737033339,1.4208571487890786,6.481788799167099,61.39605963046167,351.9822149056381,344.9603968522017,7.021818053436391
2022-12-07,14708.080078125,14823.150390625,14630.009765625,14630.009765625,3266900.0,2.0,-1.5783254451267381,-1.169736822392442,0.3974332711847772,5.80071747250106,58.08145241695941,320.04216007139075,339.97674949603953,-19.934589424648777
2022-12-08,14631.2099609375,14634.16015625,14464.2001953125,14553.0400390625,2428500.0,2.0,-1.48673113238168,-1.536067198167801,-0.489036166444079,5.257446027415136,55.56642010986521,285.23066131511223,329.0275318598541,-43.796870544741864
2022-12-09,14620.26953125,14742.7900390625,14620.26953125,14705.4296875,2543200.0,2.0,-0.09640353793315404,-0.45579947187173175,0.3136321528028452,6.355094074798684,59.32207041158327,266.862642377826,316.59455396344845,-49.73191158562247
2022-12-12,14658.4599609375,14658.4599609375,14538.66015625,14612.58984375,2221600.0,2.0,-0.2280487720961566,-1.121547093596853,-0.46826495917718924,5.677167191998467,56.20523256359057,242.02454721467984,301.6805526136947,-59.65600539901487
2022-12-13,14617.8603515625,14658.7001953125,14515.740234375,14522.9599609375,2730600.0,2.0,-0.5604038781861775,-1.6037482159055427,-1.0709001447131827,5.016656901258965,53.293984508930805,212.6564244868332,283.8757269883224,-71.21930250148921
2022-12-14,14557.5595703125,14739.3603515625,14557.5595703125,14739.3603515625,2640200.0,2.0,0.770403167340028,-0.042646981834448816,0.3341660231183985,6.557057363141583,58.837599395804,204.48648571018202,267.99787873269435,-63.51139302251232
2022-12-15,14692.919921875,14756.3798828125,14649.5400390625,14734.1298828125,2570800.0,2.0,0.48582454299734845,0.11107617501409095,0.23070718444375693,6.479521841687674,58.65638080421355,195.33796083434027,253.46589515302352,-58.12793431868326
2022-12-16,14554.2099609375,14568.3095703125,14447.76953125,14528.5498046875,4451200.0,2.0,-0.6765889077964826,-0.988301763296151,-1.175695382855213,4.963013786304038,51.89137624934158,169.54468912011362,236.68165394644154,-67.13696482632793
2022-12-19,14478.4501953125,14493.7197265625,14411.8095703125,14433.3203125,3207500.0,2.0,-1.085165813314859,-1.2689570867746358,-1.8180877772357107,4.235490271818776,49.068260911596255,139.8074974986248,217.30682265687818,-77.49932515825338
2022-12-20,14410.75,14451.91015625,14157.990234375,14170.0302734375,3679200.0,1.0,-2.4175054258411044,-2.6980243343740717,-3.48693515096663,2.2858035228577878,42.22787906983769,93.91268616057823,192.6279953576182,-98.71530919703997
2022-12-21,14205.0595703125,14291.98046875,14197.8603515625,14234.400390625,3230800.0,1.0,-1.2876881627286285,-1.9897616331510437,-2.924817873054253,2.7000692033486873,44.27327666761535,62.019920971531974,166.50638048040096,-104.48645950886899
2022-12-22,14323.0400390625,14442.9404296875,14323.0400390625,14442.9404296875,3258800.0,2.0,0.5646361535961208,-0.47842398470916425,-1.3879419678609062,4.082406202338129,50.400033543374064,52.96160468342896,143.79742532100656,-90.8358206375776
2022-12-23,14318.1201171875,14318.1201171875,14192.98046875,14271.6298828125,1979800.0,2.0,-0.27137047618004395,-1.364028970116582,-2.388691155200129,2.7568590593959774,45.93251185865843,31.595283571003165,121.35699697100588,-89.76171340000272
2022-12-26,14271.2001953125,14301.1103515625,14253.2001953125,14285.1298828125,1574600.0,2.0,0.030136288235027564,-1.046776590091869,-2.2054781218800112,2.747955282590331,46.33620518919198,15.572151262736952,100.2000278293521,-84.62787656661514
2022-12-27,14310.1904296875,14410.240234375,14310.1904296875,14328.4296875,1821100.0,2.0,0.1112567760786165,-0.6129130654939474,-1.7808897537026747,2.9325539416901636,47.68540145341064,6.2950701841782575,81.41903630031733,-75.12396611613907
2022-12-28,14249.830078125,14249.830078125,14119.2998046875,14173.099609375,1958900.0,1.0,-0.8891195995195611,-1.3026757911186904,-2.6098417934198204,1.7440196882718029,43.463813119608396,-13.43604025696186,62.44802098886149,-75.88406124582335
2022-12-29,14097.509765625,14120.5703125,13981.6298828125,14085.01953125,1839200.0,1.0,-1.0095270401341616,-1.4706659622790164,-2.9055829421080093,1.0774262420194525,41.2345637336039,-35.76810121931521,42.80479654722615,-78.57289776654136
2022-12-30,14183.51953125,14248.900390625,14137.6904296875,14137.6904296875,1748100.0,1.0,-0.4519361262764754,-0.8310690826136335,-2.261884048764329,1.4256066242557708,43.113523933927986,-48.655449377491095,24.5127473622827,-73.16819673977379
2023-01-03,14108.16015625,14237.9404296875,14001.9697265625,14224.1201171875,1816400.0,1.0,0.24276982928825852,-0.07817851469740233,-1.4065109640563511,1.9820318297037343,46.15588503059788,-51.30322059113314,9.349553771599531,-60.65277436273267
2023-01-04,14186.9501953125,14257.4501953125,14177.9697265625,14199.1298828125,2073800.0,1.0,0.2493535565445848,-0.27411620846017337,-1.3987007346188518,1.670059941693114,45.399839218194344,-54.786556100782036,-3.4776682028767834,-51.30888789790525
2023-01-05,14285.1201171875,14357.599609375,14270.9296875,14301.0498046875,2086500.0,1.0,0.7868397267998484,0.3947109434219831,-0.5773921981107932,2.2509905221591353,49.064352474836824,-48.76095276246451,-12.53432511479433,-36.226627647670185
2023-01-06,14278.51953125,14384.919921875,14278.51953125,14373.33984375,1741200.0,1.0,0.8863146137352951,0.9515189766262422,-0.012366067415903181,2.5768501438427904,51.54826212779897,-37.71763132988053,-17.57098635781157,-20.146644972068962
2023-01-09,14504.4697265625,14752.2099609375,14504.4697265625,14752.2099609375,2581100.0,1.0,2.6599919216297563,3.2639691720104613,2.606535216779138,5.077712888057229,62.005769757889794,1.5876313496937655,-13.739262816310504,15.32689416600427
2023-01-10,14796.26953125,14816.1298828125,14728.5595703125,14802.9599609375,2069800.0,1.0,2.1898923804068104,3.244975970196795,2.891399762198099,5.209769383116947,63.153001937379294,36.412693205771575,-3.7088716118940876,40.121564817665664
2023-01-11,14822.8603515625,14842.740234375,14734.4404296875,14751.4404296875,1986800.0,1.0,1.063567433218915,2.582992481130608,2.4519490373570374,4.641957982396772,61.13489857543117,59.17250620462801,8.867403951410333,50.305102253217676
2023-01-12,14780.580078125,14813.3095703125,14700.73046875,14731.6396484375,1812900.0,1.0,0.3359257018713091,2.048923225220811,2.317171546016761,4.285131157855515,60.33685395449678,74.75038846920688,22.044000854969642,52.706387614237244
2023-01-13,14923.0498046875,14962.3095703125,14822.150390625,14824.1298828125,1786500.0,1.0,0.34966315959459315,2.1665323787906754,2.927384234086805,4.707861160521509,62.78086144771245,93.48156405719055,36.33151349541383,57.15005056177672
2023-01-16,14895.259765625,14960.919921875,14895.259765625,14927.009765625,1611600.0,1.0,0.8075255474999432,2.318964458787187,3.4985336719482785,5.1735629680591755,65.33928341557964,115.29861177575731,52.12493315148252,63.173678624274785
2023-01-17,14922.33984375,14945.23046875,14884.7802734375,14932.9296875,1772600.0,1.0,0.6707808340590926,1.864621826195867,3.3605540058424976,4.959403161975606,65.48630042047482,131.55004051650576,68.00995462448716,63.540085892018595
2023-01-30,15291.5302734375,15493.8203125,15291.5302734375,15493.8203125,3697500.0,0.0,3.416884727016667,4.765466633754167,6.753761665920632,8.542198976529058,75.91153856793426,187.52690730180439,91.91334515995061,95.61356214185378
2023-01-31,15419.2099609375,15441.98046875,15265.2001953125,15265.2001953125,3357200.0,0.0,1.1703008647194757,2.551026459898309,4.806366174300503,6.624862476025695,67.02464574508934,211.0088658644836,115.73244930085721,95.27641656362638
2023-02-01,15346.349609375,15420.1298828125,15291.6796875,15420.1298828125,3009800.0,0.0,1.3960708531544297,2.868436920202244,5.5161089634722105,7.3952431262028995,69.62021009310345,239.3608156971859,140.45812258012296,98.90269311706294
2023-02-02,15508.830078125,15602.08984375,15496.51953125,15595.16015625,3248500.0,0.0,1.6537689832132774,3.4543113724034846,6.232744435969395,8.261547705313731,72.27526185892474,272.8086521571695,166.92822849553227,105.88042366163722
2023-02-03,15591.9501953125,15617.73046875,15504.0302734375,15602.66015625,2647300.0,0.0,0.8223765706290465,2.9578722301111027,5.809021522922397,7.982170529517618,72.38662475000753,296.5035821226029,192.8432992209464,103.6602829016565
2023-02-06,15514.7998046875,15514.7998046875,15392.8203125,15392.8203125,2320600.0,0.0,-0.40357841873397415,1.145117718179467,4.010616834456582,6.241252523274299,64.57167049436367,294.94966698585995,213.2645727739291,81.68509421193085
2023-02-07,15376.1201171875,15462.099609375,15363.650390625,15400.91015625,2251800.0,0.0,-0.5259282311403157,0.7551815693109143,3.6353791902269617,6.016503405003681,64.72976375068484,291.0163060013947,228.8149194194222,62.201386581972486
2023-02-08,15538.7099609375,15631.2197265625,15520.0498046875,15618.169921875,2514500.0,0.0,0.6199338200048699,1.6484922095132415,4.558003857765902,7.188449629540483,68.76137325316533,301.9494511374796,243.4418257630337,58.50762537444592
2023-02-09,15590.0,15617.33984375,15553.83984375,15598.7099609375,2236100.0,0.0,0.48996685023949826,1.079952923413896,3.919508210272271,6.740866798510803,68.01147963843486,305.5219246463803,255.85784553970302,49.664079106677264
2023-02-10,15627.330078125,15628.2998046875,15546.1103515625,15586.650390625,2483000.0,0.0,0.4329936491621833,0.5757553708226393,3.3700086648083882,6.371684846913994,67.52004879008587,303.87712278772415,265.46170098930725,38.4154217984169
2023-02-13,15564.759765625,15569.990234375,15465.5595703125,15544.2802734375,2184300.0,0.0,-0.035137987725630815,0.26970627990434703,2.631226237864226,5.8181551718749835,65.72320050298262,295.74552084034076,271.51846495951395,24.22705588082681
2023-02-14,15584.740234375,15669.6298828125,15584.740234375,15654.48046875,2077800.0,2.0,0.3462864033966673,0.7276263488994239,2.8990689537607084,6.325185218555585,68.10093825976745,294.7951870792549,276.1738093834621,18.621377695792773
2023-02-15,15497.669921875,15553.6796875,15388.849609375,15432.8896484375,2438100.0,0.0,-0.8385859258485007,-0.7063360020047704,1.090495992212892,4.591736297192561,59.207058395886435,273.0143736850496,275.5419222437796,-2.527548558730018
2023-02-16,15474.4599609375,15585.48046875,15474.4599609375,15550.5,2883000.0,2.0,-0.020960566559147242,0.07911383206420375,1.5952584729746588,5.20545257578271,62.04063870612615,262.2203812793614,272.87761405089594,-10.657232771534552
2023-02-17,15503.75,15503.75,15418.4296875,15479.7001953125,2528300.0,0.0,-0.33909777759363324,-0.29763752416653855,0.90962942202093,4.572610651942566,59.367211592529756,245.12743550177765,267.3275783410723,-22.200142839294642
2023-02-20,15452.009765625,15575.3203125,15436.66015625,15551.23046875,2994900.0,2.0,0.11246673261509077,0.06098617595990952,1.112338843134153,4.937099821484914,61.186963637898906,234.64817004709766,260.79169668227735,-26.143526635179683
2023-02-21,15535.6396484375,15567.740234375,15496.73046875,15563.0,2997300.0,2.0,0.30637780029341144,0.03238770906088817,0.9161164677047973,4.8955231108450015,61.49255024147081,224.70274610058732,253.57390656593935,-28.871160465352034
2023-02-22,15541.169921875,15541.169921875,15345.9296875,15418.76953125,2881300.0,0.0,-0.6051227101004364,-0.7674823053752111,-0.21151115718368585,3.8203578675732652,55.70453365277429,202.84446776813093,243.42801880637768,-40.58355103824675
2023-02-23,15463.4599609375,15657.6298828125,15463.4599609375,15615.41015625,3012200.0,2.0,0.5783219862680378,0.48726221400909875,0.8364983907962475,5.013550765839092,61.08288113641138,199.09384978380513,234.56118500186318,-35.467335218058054
2023-02-24,15669.8798828125,15717.9599609375,15503.7900390625,15503.7900390625,2717600.0,2.0,-0.17159848615344586,-0.1778012930806594,-0.06847872042985426,4.139832969983281,56.86233926584664,184.98228674655365,224.64540535080127,-39.663118604247614
2023-03-01,15435.3798828125,15617.0302734375,15387.3798828125,15598.490234375,3062600.0,2.0,0.37708268639806697,0.39689032921963463,0.5080181518774873,4.652185531184294,59.42394121252873,179.37259012695358,215.59084230603173,-36.21825217907815
2023-03-02,15580.2802734375,15618.0595703125,15492.3701171875,15598.7197265625,2664900.0,2.0,0.33243500092410283,0.43441272635815764,0.4016145920290093,4.53798012519131,59.43022844227714,172.95170366071943,207.06301457696927,-34.111310916249835
2023-03-03,15621.3603515625,15713.419921875,15606.849609375,15608.419921875,3025100.0,2.0,0.15049058321003894,0.3834179031428242,0.4032091341755084,4.506754348066688,59.7143713830385,166.72393977437423,198.99519961645026,-32.271259842076034
2023-03-06,15675.2802734375,15818.8798828125,15675.2802734375,15763.509765625,3095600.0,2.0,0.9537481731574093,1.2421610136337469,1.3459695598706078,5.4292779717382444,64.04972109463625,172.31648905402471,193.65945750396514,-21.34296844994043
2023-03-07,15763.8701171875,15879.16015625,15749.0400390625,15857.8896484375,2944000.0,2.0,1.0996450497288812,1.6015372451032128,1.8691729817485347,5.9069173376598005,66.41814497838216,182.26327485014372,191.38022097320086,-9.116946123057147
2023-03-08,15819.1796875,15821.490234375,15740.98046875,15818.2001953125,3091600.0,2.0,0.564882565942959,1.1741908300606951,1.4755671996568243,5.511658346216564,64.49391802504407,184.8131560667607,190.06680799191284,-5.253651925152127
2023-03-09,15827.98046875,15878.75,15770.66015625,15770.66015625,3556200.0,2.0,0.04392498565983782,0.7363230725208725,1.0507467893420497,5.090444815137496,62.170522379529395,180.91242562958723,188.23593151944772,-7.323505889860485
2023-03-10,15729.2900390625,15729.2900390625,15488.7099609375,15526.2001953125,3932200.0,2.0,-1.4039988398302894,-0.8931932614550719,-0.48631257879587775,3.4024858869275088,51.83047585040368,156.29353822505436,181.84745286056904,-25.553914635514673
2023-03-13,15514.0302734375,15571.169921875,15349.669921875,15560.490234375,3141600.0,2.0,-0.9307999927329891,-0.6394808670222796,-0.2543167364525867,3.5630527652294797,53.01101121298066,137.95950091623308,173.06986247170184,-35.11036155546876
2023-03-14,15517.740234375,15517.740234375,15348.1201171875,15360.419921875,3097800.0,0.0,-1.5811568468137138,-1.827141740379512,-1.465358765920033,2.1884443589948344,45.93695928978011,106.06301369802532,159.66849271696654,-53.605479018941224
2023-03-15,15425.990234375,15526.73046875,15387.58984375,15387.58984375,2998000.0,0.0,-0.8600064863935164,-1.52074831494452,-1.2414347612582421,2.2944854055529262,46.971860668994985,82.03159424702972,144.14111302297917,-62.109518775949454
2023-03-16,15334.25,15334.25,15186.740234375,15221.1201171875,3443900.0,1.0,-1.2331576287279544,-2.3501591524752286,-2.1738047078605494,1.1215904115431607,41.70428549471847,48.989089774773674,125.11070837333807,-76.1216185985644
2023-03-17,15337.9697265625,15452.9599609375,15337.9697265625,15452.9599609375,3434700.0,0.0,0.36660206279925944,-0.7638375046424062,-0.6901742597278382,2.559625398609433,50.09757364656008,41.03715397998894,108.29599749466824,-67.2588435146793
2023-03-20,15454.75,15488.98046875,15399.0703125,15419.9697265625,2433600.0,0.0,0.33547911643898587,-0.7567491234943713,-0.860606687819121,2.259847872077758,49.0160992085084,31.707645370343016,92.9783270698032,-61.270681699460184
2023-03-21,15437.9501953125,15547.9697265625,15437.9501953125,15513.4501953125,2773500.0,0.0,0.7431137933257892,0.06672302046126788,-0.27041411349874034,2.7774423137403526,52.167085909580166,31.49399202523091,80.68146006088874,-49.18746803565783
2023-03-22,15535.169921875,15760.4599609375,15535.169921875,15760.4599609375,2773200.0,0.0,1.853919690365613,1.6978917994201037,1.249417220403215,4.2714170293092435,59.321251925998006,50.672176639171084,74.6796033765452,-24.007426737374118
2023-03-23,15711.599609375,15882.75,15680.83984375,15863.9501953125,2652800.0,2.0,1.6779229345639912,2.3041011817193535,1.8158416180595216,4.826120165173031,61.892880408896275,73.37599038497501,74.41888077823117,-1.0428903932561582
2023-03-24,15869.83984375,15921.9697265625,15845.990234375,15914.7001953125,2914300.0,2.0,1.4030014060826934,2.374892400264783,1.9792627070841284,5.024917187869282,63.124015285085164,94.37611807316898,78.41032823721874,15.965789835950247
2023-03-27,15873.669921875,15902.0595703125,15821.6298828125,15830.3095703125,2706800.0,2.0,0.34060339586510224,1.6555897766649785,1.3687041946278677,4.318642867548217,59.671697661653155,103.02168258017991,83.33259910581097,19.689083474368942
2023-03-28,15790.7001953125,15846.5400390625,15685.58984375,15701.48046875,2545400.0,2.0,-0.7126490834064358,0.6079572184177318,0.4801535817524183,3.325769968787462,54.74906640482441,98.34427137037164,86.33493355872311,12.009337811648535
2023-03-29,15766.2900390625,15811.2001953125,15681.099609375,15769.759765625,2376300.0,2.0,-0.292616061436346,0.7986271610686657,0.861827089269096,3.5933326749893135,56.78392384702672,99.0056820379541,88.8690832545693,10.136598783384798
2023-03-30,15824.650390625,15885.2099609375,15791.75,15849.4296875,2266900.0,2.0,0.2295164611462841,0.9026349719379656,1.2901778278448184,3.9329173015922203,59.095295280659684,104.75104676141018,92.04547595593748,12.705570805472703
2023-03-31,15874.1904296875,15951.7998046875,15857.1904296875,15868.0595703125,2440300.0,2.0,0.40655871404409183,0.7549777884626074,1.3251728731451085,3.8932651020739284,59.638905681377864,109.54480126470116,95.54534101769022,13.999460247010944
2023-04-06,15838.0703125,15838.0703125,15733.2900390625,15810.76953125,2513500.0,2.0,0.06879617400659122,0.14271775442786794,0.9441172196211767,3.3445974946852086,57.124748225668455,107.48207246013226,97.93268730617862,9.549385153953637
2023-04-07,15856.1904296875,15877.990234375,15811.1904296875,15836.5,2199900.0,2.0,0.060632763285650704,0.10086952504619884,1.1152981011266938,3.338134271467852,57.981503097858855,106.69368047695025,99.68488594033295,7.008794536617302
2023-04-10,15850.9404296875,15919.759765625,15850.9404296875,15876.169921875,2220400.0,2.0,0.17657655041869447,0.2782763839189739,1.3498321560741156,3.4229065147313387,59.33081905372287,108.02466422400721,101.3528415970678,6.6718226269394165
2023-04-11,15886.4599609375,15945.6298828125,15838.099609375,15913.8798828125,2744200.0,2.0,0.33291626804357044,0.4847730647203674,1.5441439209343821,3.472997526937771,60.62522543235419,110.84460946558647,103.25119517077152,7.593414294814949
2023-04-12,15914.150390625,15944.3203125,15867.01953125,15932.9697265625,3138100.0,2.0,0.37112069741935816,0.5937073865752263,1.5341855595911946,3.390073893159329,61.29678301582824,113.31361837889744,105.2636798123967,8.049938566500742
2023-04-13,15888.6298828125,15913.2001953125,15800.419921875,15804.759765625,3825100.0,2.0,-0.42900971541161015,-0.19965466056447445,0.6388282206686746,2.3735364150852867,54.56564427421262,103.72912855381037,104.95676956067943,-1.2276410068690637
2023-04-14,15854.25,15973.8203125,15854.25,15929.4296875,3492400.0,2.0,0.23904621815038496,0.4430050336417857,1.2492545882484496,2.9914652618298954,59.25148235269467,104.98299350078014,104.96201434869957,0.020979152080570884
2023-04-17,15934.6396484375,15963.5498046875,15894.76953125,15963.5498046875,3396900.0,2.0,0.3434050764987706,0.535301003337274,1.2807382727606065,3.016203130732853,60.45359031719219,107.49081164227027,105.4677738074137,2.0230378348565665
2023-04-18,15967.8896484375,15967.8896484375,15851.7099609375,15869.4404296875,3344600.0,2.0,-0.1923861360667356,-0.06997490869042888,0.47701691017270065,2.2364366328679663,55.583009272052394,100.72335934124749,104.51889091418046,-3.7955315729329726
2023-04-19,15874.650390625,15915.3896484375,15756.75,15770.4697265625,3554800.0,2.0,-0.6116903952084862,-0.6321304533141947,-0.24987808700781544,1.4466496367860016,50.93532902666168,86.37828097188503,100.89076892572137,-14.512487953836342
2023-04-20,15771.4501953125,15804.3798828125,15686.5400390625,15707.51953125,3170900.0,2.0,-0.8869357575423287,-0.9643429704087936,-0.7383136011248403,0.9383288001313161,48.176020768887696,69.13322358096593,94.53925985677029,-25.406036275804354
2023-04-21,15776.5400390625,15802.9296875,15592.9599609375,15602.990234375,3512500.0,2.0,-1.1392387910563961,-1.4783475037846605,-1.426761485905692,0.18077183346021375,43.92120301838498,46.49577631792636,84.9305631490015,-38.434786831075144
2023-04-24,15555.099609375,15643.8603515625,15529.3896484375,15626.8701171875,2474500.0,2.0,-0.5636990699282252,-1.1719932416650258,-1.2342208145942557,0.2401903946472883,45.113795539741574,30.134966107507353,73.97144374070267,-43.836477633195315
2023-04-25,15606.830078125,15639.490234375,15353.2197265625,15370.73046875,3449300.0,1.0,-1.5688396653081305,-2.456819405235422,-2.701435175077871,-1.4701648838627568,36.216974385917325,-3.4595433755275735,58.48524631745662,-61.944789692984195
2023-04-26,15352.0302734375,15398.400390625,15284.4599609375,15374.6298828125,2745800.0,1.0,-1.0421759297752575,-2.0851373682380103,-2.5101065918566534,-1.5030985452679113,36.422533123345154,-29.42953864784249,40.902289324396804,-70.3318279722393
2023-04-27,15374.3896484375,15455.8798828125,15306.6904296875,15411.490234375,2616700.0,1.0,-0.4254732649006443,-1.6039481359025665,-2.1464409871961854,-1.3180025464817557,38.44210533307641,-46.50059477760078,23.421712503997288,-69.92230728159807
2023-04-28,15477.33984375,15580.6298828125,15477.33984375,15579.1796875,2999300.0,1.0,0.6889582011322615,-0.3103934970183131,-1.0432935931694032,-0.3130140872039222,46.73207438073671,-45.96849611399193,9.543670780399443,-55.51216689439138
2023-05-02,15588.6796875,15651.23046875,15532.6298828125,15636.48046875,2915700.0,1.0,1.0467433379034885,0.26611377774834466,-0.6372684816023155,0.03841830781767808,49.247249413320475,-40.45674969818356,-0.45641331531715856,-40.0003363828664
2023-05-03,15629.509765625,15629.509765625,15530.7900390625,15553.41015625,2511600.0,1.0,0.27317365915640046,-0.06404069308819649,-1.0720974495518343,-0.5236161608359935,45.866100987269306,-42.30407587157424,-8.825945826568576,-33.47813004500566
2023-05-04,15548.01953125,15622.41015625,15523.5,15609.0302734375,2461600.0,1.0,0.3285279485083281,0.3974801660818539,-0.6364702867826422,-0.187979709636521,48.419611243820945,-38.83238103666372,-14.827232868587604,-24.005148168076115
2023-05-05,15627.9296875,15673.6201171875,15578.669921875,15626.0703125,2294100.0,1.0,0.1617614322531491,0.5597634036087484,-0.46948562396369464,-0.0823086376212201,49.210052199335365,-34.31053859365056,-18.723894013600194,-15.586644580050368
2023-05-08,15648.5400390625,15757.7998046875,15648.5400390625,15699.5703125,2829600.0,1.0,0.4778139317306973,0.9700082517078545,0.042301089667495795,0.37730515373597395,52.58525359520269,-24.513533390792873,-19.88182188903873,-4.631711501754143
2023-05-09,15702.259765625,15744.26953125,15635.900390625,15727.7001953125,2864700.0,1.0,0.5404532433312514,1.0853708459132028,0.26898490584346124,0.5212863158722714,53.84930699071806,-14.31448130219178,-18.76835377166934,4.4538724694775595
2023-05-10,15708.48046875,15711.3896484375,15579.490234375,15641.759765625,2366700.0,1.0,-0.12174585197963772,0.35819247932697973,-0.19233640180168488,-0.05363147638172139,49.50688642933635,-13.016289796994897,-17.617940976734452,4.601651179739555
2023-05-11,15666.490234375,15675.3701171875,15501.580078125,15514.6396484375,2769100.0,1.0,-0.8138909428415775,-0.5467552742347892,-0.8711680300044988,-0.8549614291029184,43.871362095669056,-21.99149053241672,-18.492650887870905,-3.4988396445458143
2023-05-12,15477.1201171875,15545.990234375,15424.419921875,15502.3603515625,2711900.0,1.0,-0.7353793163952571,-0.6833213412772432,-0.8538427762190826,-0.9232641129300112,43.35793217325721,-29.752272733589052,-20.744575257014535,-9.007697476574517
2023-05-15,15489.1796875,15510.08984375,15434.51953125,15475.0498046875,2444700.0,1.0,-0.6245200531703188,-0.7921048539634157,-0.8844934656868975,-1.0860494887232286,42.17569691996566,-37.67221953383887,-24.130104112379403,-13.542115421459467
2023-05-16,15550.5703125,15723.9501953125,15550.5703125,15673.900390625,2617800.0,1.0,0.7220261237215864,0.4585929271029743,0.4823219996505923,0.1711383241518316,52.36110019166655,-27.585268210999857,-24.821136932103492,-2.7641312788963646
2023-05-17,15702.740234375,15961.9697265625,15698.6298828125,15925.2900390625,3099200.0,1.0,1.9659182724334645,1.82711884430522,2.0756584293519786,1.7484075414587963,61.57574289401927,0.6858509994690394,-19.719739345788987,20.405590345258027
2023-05-18,16060.259765625,16128.7197265625,16015.6201171875,16101.8798828125,3379800.0,1.0,2.3270898654934147,2.632815966991031,3.0980371381660765,2.803424619588779,66.48049821395135,36.914711409386655,-8.392849194753857,45.30756060414051
2023-05-19,16146.2900390625,16189.8095703125,16099.900390625,16174.919921875,3955600.0,1.0,1.9200247023384742,2.738953981861303,3.4109631878417757,3.2011820516746115,68.28381791639427,70.70502155422946,7.426724955042808,63.27829659918665
2023-05-22,16168.740234375,16202.919921875,16131.5498046875,16180.8896484375,3311200.0,1.0,1.0587077095880693,2.4636186099659785,3.2583761136998124,3.162349299592737,68.43329771799802,96.84937354102294,25.311254672238835,71.53811886878411
2023-05-23,16186.150390625,16239.5,16121.4501953125,16188.0302734375,3041900.0,1.0,0.45815685149819263,2.210892355903571,3.1193066100756672,3.13808541815197,68.62378615435482,116.79876613989472,43.60875696577001,73.19000917412471
2023-05-24,16186.6201171875,16186.6201171875,16070.16015625,16159.3203125,2938400.0,1.0,-0.010443007711424812,1.6972850761021618,2.6785241138356453,2.890015073242558,66.87638251993272,128.8073387720342,60.648473327022856,68.15886544501134
2023-05-25,16163.9501953125,16323.76953125,16163.9501953125,16292.0,3551900.0,1.0,0.5739106421337459,2.0331216613418412,3.220747175855454,3.638776852714698,70.60195891557059,147.33200933827356,77.985180529273,69.34682880900057
2023-05-26,16509.140625,16537.7890625,16457.740234375,16505.05078125,3981600.0,1.0,1.475510109634226,2.7223528998329583,4.209561946051865,4.8951242520715255,75.38882645530983,177.16214678375218,97.82057378016883,79.34157300358335
2023-05-29,16610.859375,16683.759765625,16597.380859375,16636.30078125,3879200.0,1.0,1.7128756797293754,2.7962761952141424,4.6888776681666355,5.602583115485094,77.78829857881068,208.9844807164336,120.05335516742178,88.93112554901182
2023-05-30,16648.76953125,16681.189453125,16579.130859375,16622.740234375,3645500.0,1.0,1.092604220368032,2.1138006653848906,4.2799458365287535,5.402289715129238,76.95351399984351,230.45316617546996,142.13331736903143,88.31984880643853
2023-05-31,16593.529296875,16636.650390625,16491.900390625,16578.9609375,5023700.0,1.0,0.3143362828846419,1.4375399338639738,3.6718113560068266,5.015902989316601,74.1855789393424,241.15474886502307,161.93760366822977,79.2171451967933
2023-06-01,16511.0,16555.5,16477.4296875,16512.650390625,3888600.0,1.0,-0.35296444402118654,0.7785376283372836,2.9662502336598617,4.496119964072132,70.07423046742466,241.5012472458402,177.85033238375186,63.65091486208834
2023-06-02,16525.0,16752.19921875,16525.0,16706.91015625,4585600.0,0.0,0.5742863947518329,1.6341412680366263,3.827693186408765,5.620350139143326,74.52786940339244,254.51707489040382,193.18368088508225,61.333394005321566
2023-06-05,16714.48046875,16781.189453125,16703.599609375,16714.4296875,4575100.0,0.0,0.5249935663819816,1.3509289599967556,3.5478861457342914,5.572608857207184,74.68492071277223,262.4140298126058,207.02975067058696,55.38427914201884
2023-06-06,16712.98046875,16793.810546875,16699.830078125,16761.66015625,3861900.0,0.0,0.6408789481131549,1.2850189279253854,3.5089709028143456,5.76588305140413,75.69842789178132,269.37830220393334,219.49946097725623,49.87884122667711
2023-06-07,16771.759765625,16922.48046875,16771.759765625,16922.48046875,3721800.0,0.0,1.189062077992542,1.7874070315617718,4.090471301913379,6.651467379488096,78.80938752517555,284.5937735680309,232.51832349541115,52.07545007261973
2023-06-08,16864.1796875,16899.509765625,16694.2109375,16733.689453125,3859300.0,0.0,-0.20363113853475445,0.3851477088887112,2.5447538726039554,5.3280479973483175,67.83154884724541,278.2112410704667,241.65690701042226,36.554334060044454
2023-06-09,16775.919921875,16895.990234375,16775.919921875,16886.400390625,3598000.0,0.0,0.4919642804423363,1.0700393039638323,3.0435930974806125,6.141628337252891,71.31255124931042,282.2222520359592,249.76997601552964,32.45227602042954
2023-06-12,16899.490234375,16999.720703125,16899.490234375,16955.369140625,3731500.0,2.0,0.6138720052646152,1.289403290576141,2.9992478194056593,6.397363409670853,72.74690695659208,287.6503546210479,257.3460517366333,30.304302884414597
2023-06-13,17135.83984375,17254.9609375,17129.23046875,17216.599609375,3764800.0,2.0,1.6153767694650156,2.486378253245869,4.098373960634749,7.830355072475248,77.36357754353091,309.46397261938546,267.7696359131837,41.69433670620174
2023-06-14,17190.69921875,17259.23046875,17182.1796875,17238.140625,4290400.0,2.0,1.3648138154592093,2.2135269113816136,3.8165707613669886,7.738428005794007,77.69905503268224,324.7461307292542,279.1649348763978,45.58119585285641
2023-06-15,17259.369140625,17346.3203125,17259.369140625,17334.98046875,4893200.0,2.0,1.2184911257753006,2.288977058137065,4.013567980709309,8.131691727852974,79.19204721894548,340.74363666172576,291.4806752334634,49.26296142826237
2023-06-16,17342.859375,17342.859375,17250.7890625,17288.91015625,6203100.0,2.0,0.4771959704884088,1.6679782625239836,3.3915923965699646,7.635179867403918,76.56588623982049,345.7190521454395,302.3283506158586,43.390701529580895
2023-06-19,17274.0703125,17306.810546875,17210.869140625,17274.560546875,4654400.0,2.0,0.02271060027501104,1.250090594280051,2.969049139479507,7.349678299054108,75.72357137208182,344.5326532478284,310.7692111422526,33.76344210557585
2023-06-20,17233.80078125,17247.16015625,17121.58984375,17184.91015625,4185300.0,2.0,-0.45985202167886374,0.4753738113013828,2.1312282849562214,6.635239542023519,70.50495264206144,332.5252422867634,315.12041737115476,17.40482491560863
2023-06-21,17186.720703125,17246.76953125,17131.44921875,17202.400390625,4354900.0,2.0,-0.3172710771417009,0.4132965573524938,1.9192699884483133,6.596216982193193,70.92592971342154,320.72349749776185,316.24103339647615,4.4824641012857
2023-06-26,17182.48046875,17182.48046875,17011.279296875,17059.240234375,3970000.0,2.0,-0.8299269087261751,-0.6112212392530458,0.8418899208396446,5.584307270555566,62.99982337799119,296.4019642158055,312.273219560342,-15.871255344536507
2023-06-27,17022.150390625,17035.490234375,16887.900390625,16887.900390625,4028700.0,0.0,-1.3661059065454229,-1.610323534190261,-0.28378269225650676,4.409931731507921,55.067967878951364,260.30069602662843,301.87871485359926,-41.57801882697083
2023-06-28,16906.23046875,17011.119140625,16903.7109375,16935.630859375,3256100.0,2.0,-0.6941798580164082,-1.3208959358158134,-0.0902449888307788,4.5720429810351515,56.703322886186506,232.85739571001977,288.0744510248834,-55.217055314863615
2023-06-29,16930.41015625,17077.439453125,16911.380859375,16942.30078125,3357100.0,2.0,-0.37160783465527425,-1.1240025224928507,-0.14502036132839624,4.487145364393075,56.93917947676778,209.23466249803096,272.3064933195129,-63.07183082148197
2023-06-30,16870.26953125,16919.94921875,16792.33984375,16915.5390625,3542500.0,0.0,-0.1922525847661949,-1.0939730455268526,-0.40153766602338825,4.207905991833938,55.629760654558204,186.20754452569963,255.08670356075027,-68.87915903505063
2023-07-03,16915.5390625,17103.73046875,16915.5390625,17084.19921875,3930600.0,2.0,0.7732216970093964,0.03888166331402765,0.42255643188482406,5.115679570371046,61.620135410613344,179.49870337044558,239.96910352268932,-60.47040015224374
2023-07-04,17084.19921875,17154.099609375,17042.599609375,17140.76953125,4436200.0,2.0,0.8061877017901509,0.457279374019981,0.6267695782271376,5.32010242701626,63.404762786302825,176.7096510024203,227.31721301863553,-50.60756201621524
2023-07-05,17140.76953125,17153.169921875,17020.009765625,17056.4296875,4153400.0,2.0,0.16785463334532125,0.0909437125949486,0.03122449200150257,4.671117973639594,58.99997643507594,165.78274607302956,215.01031962951433,-49.22757355648477
2023-07-06,17056.4296875,17056.4296875,16749.2890625,16762.169921875,4369600.0,1.0,-1.3515417561982823,-1.3912162114727677,-1.6946742822263494,2.772186552100453,46.78723588885136,131.85880511184587,198.38001672598062,-66.52121161413476
2023-07-07,16762.169921875,16762.390625,16593.83984375,16664.2109375,3783700.0,1.0,-1.6370687803241135,-1.6561274141637994,-2.1951042643402974,2.0933017791020303,43.5550392486694,95.96316252702309,177.8966458861891,-81.93348335916602
2023-07-10,16664.2109375,16798.810546875,16635.830078125,16652.80078125,3379500.0,1.0,-1.2012582206327505,-1.4871712861495134,-2.2388663074244253,1.948464552405027,43.180848061682056,65.83598664117017,155.4845140371853,-89.64852739601514
2023-07-11,16675.689453125,16898.91015625,16675.689453125,16898.91015625,3940800.0,0.0,0.5474289479479477,-0.037774774630305874,-0.7977110824236688,3.339778060663856,52.63339154712172,61.11446295121641,136.61050381999152,-75.49604086877511
2023-07-12,16903.25,16962.029296875,16864.009765625,16962.029296875,4067700.0,2.0,1.0364833637222182,0.31992881671043527,-0.429126967094684,3.6167141829402727,54.71420678206718,61.75394748385952,121.63919255276512,-59.885245068905604
2023-07-13,16994.58984375,17223.859375,16994.58984375,17061.400390625,4859500.0,2.0,1.26740100774978,0.8366180935523326,0.19984711426774826,4.1073810278938305,57.8533287169938,69.47825825748077,111.20700569370825,-41.72874743622748
2023-07-14,17152.810546875,17287.400390625,17128.0703125,17283.7109375,4457500.0,2.0,1.837996975308176,1.9287276624239125,1.4918729349909343,5.3124328682469635,63.88477199426941,92.47246834926409,107.46009822481942,-14.987629875555328
2023-07-17,17279.109375,17346.66015625,17235.919921875,17334.2890625,4827400.0,2.0,1.322306494007508,2.076456256648296,1.7890799429009618,5.4531433367508875,65.10817350871095,113.46878003542952,108.66183458694144,4.806945448488079
2023-07-18,17368.359375,17401.58984375,17164.919921875,17227.91015625,6165200.0,2.0,0.31467685438326676,1.3979907318220741,1.182531672472864,4.6446723612675545,60.46852077278009,120.13972367803217,110.95741240515959,9.182311272872582
2023-07-19,17265.380859375,17340.8203125,17082.5390625,17116.439453125,4897100.0,2.0,-0.5132916600066872,0.7063403709120175,0.57454514798021,3.8085339431739307,55.96783805035061,115.10488299285862,111.7869065226994,3.3179764701592234
2023-07-20,17104.91015625,17214.41015625,17098.650390625,17164.890625,3659100.0,2.0,-0.35155789103544777,0.7526795245477835,0.8651720825100684,3.9407919775740874,57.45026777104263,113.71352143190234,112.17222950453998,1.5412919273623515
2023-07-21,17106.2890625,17106.2890625,16859.130859375,17030.69921875,4256500.0,2.0,-0.8392883806156881,-0.24956375790210483,0.1271420430339676,2.955723181543446,52.207703146407724,100.62281519261523,109.86234664215503,-9.239531449539797
2023-07-24,17036.7890625,17098.73046875,16941.150390625,17033.609375,4044800.0,2.0,-0.4738636631039572,-0.45454809537200935,0.15179738101429585,2.8014827228813433,52.30934236870871,89.45201433343027,105.78028018041007,-16.328265846979804
2023-07-25,17061.880859375,17270.19921875,17061.880859375,17198.890625,3822600.0,2.0,0.5259527778375794,0.33546708458185304,1.0312259849423189,3.6127061609423583,57.79869663017207,92.86539526331399,103.19730319699086,-10.331907933676874
2023-07-26,17205.470703125,17247.01953125,17121.990234375,17162.55078125,4140400.0,2.0,0.25950650635173655,0.006478004239318658,0.7506053823998826,3.229665911042079,56.265237330714676,91.5824965444117,100.87434186647502,-9.291845322063324
2023-07-27,17189.30078125,17282.859375,17189.30078125,17241.8203125,4509600.0,2.0,0.6321309779471873,0.36287043603968616,1.127041810541618,3.5398307389732597,58.83108877217224,95.85719666157456,99.87091282549493,-4.013716163920364
2023-07-28,17244.509765625,17328.2109375,17179.939453125,17292.9296875,4184900.0,2.0,0.6224239453452851,0.6549715875292739,1.31468052693684,3.666266063474155,60.442521920890144,102.19103211904803,100.33493668420554,1.8560954348424872
2023-07-31,17341.0390625,17463.759765625,17081.48046875,17145.4296875,5016000.0,2.0,-0.36548899503805465,-0.09374057488520382,0.4325029868466057,2.624511430007792,53.887056824797554,94.22248688351829,99.11244672406809,-4.889959840549807
2023-08-01,17141.970703125,17252.3203125,17095.859375,17212.869140625,3848500.0,2.0,0.010163305804256062,0.3080198735099904,0.8062548775009448,2.8653394129253718,56.22479477156266,92.28534956213844,97.74702729168216,-5.461677729543723
2023-08-02,17207.220703125,17212.55078125,16844.5703125,16893.73046875,4905400.0,2.0,-1.5365152578621255,-1.4238253998031802,-1.0156057095554671,0.8382071017707826,44.68105600805837,64.25760889510639,91.049143612367,-26.791534717260618
2023-08-04,16847.240234375,16887.380859375,16748.509765625,16843.6796875,3836700.0,2.0,-1.3704870490697352,-1.5313165917375637,-1.332426252974428,0.4279594147191812,43.18360168672677,37.57361745916569,80.35403838172674,-42.78042092256105
2023-08-07,16870.810546875,17032.3203125,16868.740234375,16996.0,3358800.0,2.0,-0.13128069198318215,-0.6206878696602303,-0.5368149831107671,1.1999577106202253,48.80669122977745,28.390075109538884,69.96124572728917,-41.57117061775028
2023-08-08,17006.4609375,17043.560546875,16812.58984375,16877.0703125,3689000.0,2.0,-0.5163649500898648,-1.2256857385729236,-1.2975811233214563,0.35612220008731654,45.057117933604204,11.384189934080496,58.24583456864743,-46.861644634566936
2023-08-09,16836.640625,16956.73046875,16798.5,16870.939453125,3230500.0,2.0,-0.15000062305675632,-1.0716881325963934,-1.3253656473821485,0.18378396907186012,44.865765792320325,-2.5583150388192735,46.08500464715409,-48.64331968597337
2023-08-10,16827.109375,16827.109375,16601.169921875,16634.69921875,3822300.0,2.0,-1.2453845048392198,-2.15410487858112,-2.6138637087873673,-1.3323108656449145,38.143605643668955,-32.298150280676055,30.408373661588065,-62.70652394226412
2023-08-11,16644.650390625,16766.83984375,16601.25,16601.25,3143400.0,2.0,-1.1594539889644095,-1.9815347724975063,-2.6786015098325233,-1.6209021508398092,37.291640060424754,-57.89883465500316,12.746931998269822,-70.64576665327297
2023-08-14,16585.41015625,16585.41015625,16307.2802734375,16393.66015625,3754700.0,0.0,-1.690283764277356,-2.690535192932464,-3.6441743164455587,-2.896000420042799,32.447794412694705,-93.85640869864801,-8.573736141113745,-85.28267255753427
2023-08-15,16438.630859375,16546.009765625,16437.630859375,16454.80078125,3164800.0,0.0,-0.8213402828550098,-1.9255670840777173,-3.0341896103486143,-2.5677943701334915,35.120757951685526,-116.08139367644617,-30.075267648180233,-86.00612602826594
2023-08-16,16422.19921875,16446.779296875,16304.4404296875,16446.779296875,3521200.0,0.0,-0.36021893143665107,-1.523727110050721,-2.8578819547279366,-2.641411447069797,34.92550136102546,-132.81115680091534,-50.62244547872726,-82.18871132218808
2023-08-17,16411.630859375,16550.109375,16264.650390625,16516.66015625,3718500.0,0.0,0.20646024307833244,-0.8815271389670642,-2.2720300080950495,-2.2601222011126243,38.15146464422915,-138.8304621272,-68.2640488084218,-70.5664133187782
2023-08-18,16508.4609375,16583.94921875,16344.2900390625,16381.3095703125,3834000.0,0.0,-0.34876616877626,-1.4202492840250325,-2.8476719858729904,-3.0795557398867524,34.576168342411925,-152.76152629377975,-85.16354430549339,-67.59798198828636
2023-08-21,16414.140625,16485.25,16347.76953125,16381.490234375,2647300.0,0.0,-0.3329099595934304,-1.0532561960681974,-2.6592072509378117,-3.099715655639379,34.5849803449905,-161.9208936638206,-100.51501417715883,-61.405879486661775
2023-08-22,16429.689453125,16535.0703125,16407.830078125,16437.609375,2929100.0,0.0,0.029451203406560822,-0.4500412429919498,-2.1524768467557243,-2.781713920006179,37.40531113306834,-162.77504327808128,-112.96701999734333,-49.808023280737956
2023-08-23,16440.390625,16588.509765625,16440.390625,16576.900390625,3025900.0,0.0,0.7175886988131097,0.5726338935511333,-1.1403107270882007,-1.96483704553998,43.8735616577685,-150.47772855816584,-120.46916170950783,-30.008566848658006
2023-08-24,16651.029296875,16822.359375,16651.029296875,16770.869140625,3988000.0,2.0,1.582308674260835,1.6654583954012647,0.133410478264806,-0.8308668472741476,51.40434469446842,-123.65494376554489,-121.10631812071524,-2.5486256448296416
2023-08-25,16708.529296875,16708.529296875,16481.580078125,16481.580078125,3217200.0,0.0,-0.2910506251464162,-0.015686810340398427,-1.3699924463075663,-2.527924471619869,42.290521089320876,-124.30795845776083,-121.74664618812436,-2.561312269636474
2023-08-28,16498.859375,16582.9609375,16498.859375,16509.259765625,3052400.0,0.0,-0.27776084163666503,0.08204480856495167,-0.9721455123187117,-2.3575185349588024,43.32589990871577,-121.19489850485115,-121.63629665146972,0.44139814661856747
2023-08-29,16528.490234375,16627.69921875,16495.759765625,16623.650390625,2649500.0,2.0,0.18802789116483254,0.6724530230756587,-0.12970668936208574,-1.6917223726762076,47.51661284557833,-108.24957491205714,-118.95895230358721,10.709377391530069
2023-08-30,16666.330078125,16780.419921875,16666.330078125,16719.8203125,2979300.0,2.0,0.5943334420998703,1.0877043305910439,0.5970449024328417,-1.1242546956194088,50.80979267467387,-89.20193929904781,-113.00754970267933,23.80561040363152
2023-08-31,16707.349609375,16712.220703125,16630.669921875,16634.509765625,3812000.0,2.0,0.24554828531690998,0.5003103232286366,0.16187057598922028,-1.62100503667022,47.93632401732897,-80.06743149770045,-106.41952606168356,26.3520945639831
2023-09-01,16640.919921875,16730.130859375,16619.23046875,16644.939453125,3194100.0,2.0,0.11128972976865992,0.4034039618574514,0.2846755232365439,-1.5479953290278958,48.32111547834679,-71.16631861632777,-99.3688845726124,28.20256595628463
2023-09-04,16649.669921875,16789.689453125,16648.509765625,16789.689453125,2734900.0,2.0,0.642394350973996,1.0277865398781616,1.2196932645027747,-0.6788217896739446,53.46191924182234,-51.83449150281376,-89.86200595865267,38.02751445583891
2023-09-05,16784.119140625,16791.609375,16727.439453125,16791.609375,2626500.0,2.0,0.45163430093217993,0.8245720578068161,1.2573526063534457,-0.6731363731941942,53.5279519904384,-35.94461049219535,-79.07852686536121,43.13391637316586
2023-09-06,16796.369140625,16841.189453125,16732.689453125,16738.16015625,3123200.0,2.0,0.10992078736451472,0.40641695140644085,0.9754662924208457,-0.9748305981147509,51.343807015168906,-27.34940366914816,-68.7327022261186,41.383298556970445
2023-09-07,16715.44921875,16715.44921875,16609.939453125,16619.140625,2727400.0,2.0,-0.5836507319165074,-0.21672051140825266,0.2621683669930652,-1.6463588298323728,46.76758260190337,-29.79802869474952,-60.945767519844786,31.147738825095267
2023-09-08,16609.9296875,16609.9296875,16505.640625,16576.01953125,2492600.0,2.0,-0.7597729486218063,-0.5320255305590438,0.009633100765982228,-1.8395322552315463,45.195866231104446,-34.81674776101863,-55.71996356807956,20.903215807060924
2023-09-11,16579.830078125,16600.029296875,16398.30078125,16432.94921875,3098400.0,0.0,-1.194273862636197,-1.3453740316628826,-0.8653160167326979,-2.609374655017338,40.350539760826194,-49.76503694101848,-54.52897824266734,4.763941301648863
2023-09-12,16433.8203125,16579.859375,16422.91015625,16572.7109375,2744800.0,2.0,-0.09094129301290277,-0.475883737796412,-0.05772380020393486,-1.707061991695047,46.39619451946387,-49.760453612630954,-53.575273316660066,3.8148197040291123
2023-09-13,16578.130859375,16653.30078125,16542.720703125,16581.509765625,2656800.0,2.0,0.15126265458078603,-0.3402671063446494,-0.045268613933402424,-1.586058455884709,46.76202479087288,-48.487891170305375,-52.55779688738913,4.069905717083756
2023-09-14,16581.619140625,16807.560546875,16581.619140625,16807.560546875,3031000.0,2.0,1.2860589236266984,0.9134057218299185,1.2286286101635735,-0.19830678539847213,55.217830695882405,-28.905759799021325,-47.82738946971557,18.921629670694244
2023-09-15,16809.740234375,16920.919921875,16787.740234375,16920.919921875,4307600.0,2.0,1.547067342938302,1.4259580675522354,1.7460341880803698,0.5010671054262117,58.755638041311066,-4.191310607286141,-39.100173697229685,34.908863089943544
2023-09-18,16893.970703125,16893.970703125,16698.240234375,16698.240234375,2642300.0,2.0,-0.10736925531721342,0.14608597493581676,0.31152601920194645,-0.7720072021576208,50.342273275891124,-2.5439957350463374,-31.788938104793015,29.244942369746678
2023-09-19,16706.48046875,16762.51953125,16636.3203125,16636.3203125,2872700.0,2.0,-0.5534720605538501,-0.13226284936255217,-0.12006048568189431,-1.0985355069574876,48.27235527793222,-6.1638539677915105,-26.663921277392713,20.500067309601203
2023-09-20,16626.609375,16665.26953125,16522.380859375,16534.75,2959400.0,2.0,-1.105341426368911,-0.6206397056101043,-0.7172987850910362,-1.6679549318003306,45.00355622318788,-17.03215695392646,-24.737568412699463,7.705411458773003
2023-09-21,16475.419921875,16475.419921875,16300.5400390625,16316.669921875,2823600.0,0.0,-1.8332422146523308,-1.7527651463205562,-1.8929775255581038,-2.905308775174753,38.911042818447974,-42.74981188518723,-28.340017107197017,-14.40979477799021
2023-09-22,16267.3203125,16360.9599609375,16202.4296875,16344.48046875,2268200.0,0.0,-0.9791034541318466,-1.4479125385545188,-1.6852391765637353,-2.682118088229335,40.02608243197229,-60.193289224374894,-34.710671530632595,-25.4826176937423
2023-09-25,16345.7802734375,16498.380859375,16345.7802734375,16452.23046875,2049400.0,2.0,-0.02831498271325117,-0.8097457038799605,-1.020127994489739,-1.9954963004444215,44.27038249992875,-64.57842629383231,-40.684222483272535,-23.894203810559773
2023-09-26,16440.259765625,16440.259765625,16276.0703125,16276.0703125,2412200.0,0.0,-0.66384487318224,-1.6960016881204742,-1.9774543444623371,-2.967014959128833,39.36544057257706,-81.33080055002938,-48.8135380966239,-32.51726245340548
2023-09-27,16273.83984375,16324.2197265625,16212.8603515625,16310.3603515625,2187900.0,0.0,-0.18116292175599513,-1.3273023865660871,-1.649678277797273,-2.6822905594779622,40.741744762946716,-90.79364563408672,-57.209559604116464,-33.58408602997025
2023-09-28,16330.7099609375,16411.279296875,16311.41015625,16353.740234375,2477900.0,2.0,0.038928981902408566,-0.7924956981495423,-1.3045539416527085,-2.3552270964593336,42.51929296066963,-93.71236670767394,-64.51012102482795,-29.202245682845984
2023-10-02,16382.9599609375,16575.310546875,16382.9599609375,16557.310546875,2669600.0,2.0,1.0211638342183083,0.6644768170166238,-0.04957025928048475,-1.119593240871708,50.08598082074697,-78.69193958062533,-67.34648473598743,-11.3454548446379
2023-10-03,16520.240234375,16571.66015625,16453.80078125,16454.33984375,2697100.0,2.0,0.3903243694355796,0.18700252505763348,-0.5705250756527724,-1.7140040423431535,46.734726829476244,-74.24121157276022,-68.72543010334199,-5.515781469418229
2023-10-04,16419.48046875,16419.48046875,16203.33984375,16273.3798828125,2624800.0,0.0,-0.7104790974679309,-0.6953744022899833,-1.5098084438190718,-2.758193221887306,41.481790314316925,-84.34367270608345,-71.84907862389028,-12.494594082193174
2023-10-05,16313.8896484375,16477.609375,16313.8896484375,16453.51953125,2503200.0,2.0,0.21354942967735102,0.4536810645392686,-0.33371433320033006,-1.6381355940490505,47.774743818950746,-76.92741049693723,-72.86474499849967,-4.062665498437553
2023-10-06,16482.9296875,16539.130859375,16482.9296875,16520.5703125,2296800.0,2.0,0.4178642378168007,0.7376406482279663,0.10232683034581136,-1.1938347830010243,49.93295847180787,-64.89150273481937,-71.27009654576361,6.378593810944238
2023-10-11,16567.4296875,16729.5,16567.4296875,16672.029296875,3635100.0,2.0,1.1973554113190454,1.4585506314250596,0.9906797030435399,-0.24927371792661246,54.506372373119184,-42.63995798262113,-65.54406883313511,22.904110850513987
2023-10-12,16698.849609375,16825.91015625,16684.4296875,16825.91015625,2917100.0,2.0,1.6727714749185996,2.162678196598966,1.8016495704296531,0.7173924632720041,58.640103865381185,-12.445089887791255,-54.92427304406634,42.479183156275084
2023-10-13,16815.91015625,16815.91015625,16726.4296875,16782.5703125,2955800.0,2.0,0.7906493529648451,1.5871146788334567,1.4750089827310076,0.5132909084562876,57.06732863823548,7.89637296300134,-42.3601438426528,50.256516805654144
2023-10-16,16712.9296875,16712.9296875,16614.099609375,16652.240234375,2843500.0,2.0,-0.23021150016031555,0.590044030834247,0.6654486811560556,-0.2099329322251431,52.506661923327044,13.346727961910801,-31.218769481740082,44.565497443650884
2023-10-17,16678.279296875,16770.640625,16618.30078125,16642.55078125,2965400.0,2.0,-0.43379667391080234,0.3564319824920448,0.6570776299938519,-0.22077200437338185,52.17283258424725,16.691901823312946,-21.636635220729474,38.32853704404242
2023-10-18,16608.01953125,16612.25,16398.759765625,16440.91015625,3844900.0,2.0,-1.3673790262756613,-0.7898470795762336,-0.4179278573075318,-1.3583337804271234,45.666040847730635,3.037251409048622,-16.701857894773855,19.739109303822477
2023-10-19,16416.5390625,16479.349609375,16382.400390625,16452.73046875,2608200.0,2.0,-0.8525262956021851,-0.7175550310219436,-0.27218272904114826,-1.2303310475549,46.09048787731441,-6.75251816234595,-14.711989948288274,7.959471785942323
2023-10-20,16434.4296875,16462.560546875,16271.8203125,16440.720703125,3035200.0,2.0,-0.5150105211713218,-0.8901082260860838,-0.2858679821173049,-1.243845527088483,45.69986531553475,-15.30365775489554,-14.830323509609727,-0.47333424528581247
2023-10-23,16391.41015625,16391.41015625,16245.83984375,16251.3603515625,2273100.0,1.0,-1.1814314882834132,-1.9120948831923723,-1.3495727826312476,-2.2886062069231605,39.95064424800038,-36.93453695911376,-19.251166199510532,-17.683370759603225
2023-10-24,16257.7998046875,16318.76953125,16163.0,16309.759765625,2642000.0,2.0,-0.42332325431043705,-1.434201578296257,-0.9929950526980091,-1.853606596531654,42.359048319387945,-48.80225786958181,-25.16138453352479,-23.64087333605702
2023-10-25,16320.7099609375,16459.33984375,16320.7099609375,16358.8896484375,2667800.0,2.0,-0.023239079602110913,-0.9498477147419582,-0.6990992011227326,-1.4707098433207832,44.38008072174491,-53.62498579023668,-30.854104784867168,-22.77088100536951
2023-10-26,16305.16015625,16305.16015625,16073.740234375,16073.740234375,2572100.0,1.0,-1.3087449602703694,-2.2311120507341187,-2.3177866255941204,-3.069530243793339,36.40229545163743,-79.53932718274154,-40.591149264442045,-38.9481779182995
2023-10-27,16112.75,16200.2998046875,16112.75,16134.6103515625,2142800.0,1.0,-0.5612200120610811,-1.4725487337940768,-1.9057066031593073,-2.6035129710001437,38.92615875117155,-94.08041918547133,-51.2890032486479,-42.79141593682343
2023-10-30,16142.0595703125,16203.330078125,16101.240234375,16149.6796875,2250800.0,1.0,-0.3434439755809593,-1.0769384023578743,-1.7661066957572524,-2.408157285696644,39.565574670453785,-103.19875883720488,-61.6709543663593,-41.52780447084558
2023-10-31,16176.580078125,16215.349609375,15975.91015625,16001.26953125,2703600.0,1.0,-0.8818852376370256,-1.5994815021192044,-2.5643933949489717,-3.21800111826398,35.611272178592316,-121.00568973144254,-73.53790143937594,-47.4677882920666
2023-11-01,16027.7197265625,16099.0302734375,15978.259765625,16038.5595703125,2183800.0,1.0,-0.2550584369181097,-1.1255223161106942,-2.182832861541595,-2.913659590612705,37.30673092099986,-130.60330267514655,-84.95098168653007,-45.65232098861648
2023-11-02,16094.259765625,16396.94921875,16094.259765625,16396.94921875,2464200.0,1.0,1.5654868797685184,1.1186501154924144,0.020445231636179173,-0.684192870171263,50.73361842035098,-108.04495564542594,-89.56977647830925,-18.475179167116693
2023-11-03,16412.5390625,16520.099609375,16412.5390625,16507.650390625,2809400.0,1.0,1.7808242586403678,1.7593340665085888,0.6238184405613412,0.023622213120244595,54.01003389014749,-80.30889277290407,-87.71759973722821,7.408706964324139
2023-11-06,16572.560546875,16720.560546875,16572.560546875,16649.359375,2709700.0,1.0,2.025900289518967,2.3816964922020345,1.427078144231153,0.9048485134278472,57.872330205435574,-46.35873772010018,-79.44582733380261,33.08708961370243
2023-11-07,16650.140625,16684.94921875,16608.099609375,16684.94921875,2180100.0,1.0,1.3944015917841446,2.364378920587251,1.593022693760382,1.1154114121469716,58.80797082086778,-16.392232832913578,-66.83510843362481,50.44287560071123
2023-11-08,16691.3203125,16775.23046875,16665.400390625,16740.830078125,2664300.0,1.0,0.8729987878724144,2.4671088220312054,1.9119292419418787,1.4397636771545264,60.29892922357472,11.730336505566811,-51.122019445786485,62.852355951353296
2023-11-09,16741.16015625,16759.4296875,16680.91015625,16745.650390625,2433800.0,1.0,0.47980317719127363,2.0768097016444553,1.9661834125740851,1.4329149940652819,60.43197268657882,34.014535856164,-34.09470838539639,68.10924424156039
2023-11-10,16725.939453125,16725.939453125,16651.23046875,16682.669921875,2157500.0,1.0,-0.10791094895464814,1.3542920903278688,1.6135941487837924,1.0281843900412202,57.71075398844292,46.061953386051755,-18.06337603110676,64.12532941715851
2023-11-13,16711.529296875,16961.01953125,16711.529296875,16839.2890625,2512400.0,1.0,0.6010709431270245,1.8789805283795147,2.5091614190222655,1.9362669316306036,62.261708937158076,67.46972530820494,-0.9567557632444199,68.42648107144936
2023-11-14,16884.51953125,16946.380859375,16884.51953125,16915.7109375,2619800.0,0.0,0.7797568326030957,1.7782565799209449,2.8888345534609394,2.3576751052125644,64.28157437464085,89.56964233771942,17.148523856948348,72.42111848077107
2023-11-15,17039.619140625,17143.880859375,17034.94921875,17128.779296875,3950300.0,0.0,1.5796034983950324,2.38861329309894,3.9673148523561075,3.5688874960981387,69.22692471882644,122.86056164331603,38.29093141422189,84.56963022909414
2023-11-16,17136.51953125,17194.3203125,17089.400390625,17171.1796875,3308400.0,0.0,1.3196847087699526,2.169223419821642,3.9979171657470447,3.742701561668782,70.11369783429669,150.92543771159762,60.81783267369704,90.10760503790058
2023-11-17,17155.859375,17253.470703125,17147.560546875,17208.94921875,3186300.0,0.0,0.9157894671738553,1.96846407890523,3.9847593507343904,3.8902015612571894,70.91764518441815,174.2065945290633,83.4955850447703,90.711009484293
2023-11-20,17197.8203125,17219.759765625,17151.8203125,17210.470703125,3044800.0,0.0,0.4872578199384803,1.6395520351698112,3.6934799494019233,3.8331955775969373,70.95154435390504,190.58292874327162,104.91305378447056,85.66987495880106
2023-11-21,17239.939453125,17421.169921875,17239.939453125,17416.69921875,3727100.0,0.0,1.0999084116357194,2.414887776948804,4.5872477523603905,5.009208582260349,75.17538823240749,217.69278239407868,127.46899950639218,90.2237828876865
2023-11-22,17325.599609375,17344.529296875,17264.94921875,17310.259765625,3167500.0,0.0,0.27079106288800947,1.4493022368837538,3.651998344090046,4.280624949572731,69.55397674150163,227.96097024848495,147.56739365481073,80.39357659367423
2023-11-23,17291.330078125,17343.609375,17228.44921875,17294.55078125,3179200.0,0.0,0.03681614585249182,1.0322257841552718,3.180804439514917,4.103909021067675,68.73703581434746,232.15486260309262,164.48488744446712,67.6699751586255
2023-11-24,17304.650390625,17336.130859375,17268.380859375,17287.419921875,3037300.0,0.0,-0.09512407723403227,0.6350387787557699,2.7847963811088228,3.991734620821319,68.34461553685463,232.22619275866236,178.03314850730618,54.193044251356184
2023-11-27,17291.23046875,17351.9296875,17133.759765625,17137.419921875,3164500.0,0.0,-0.8782904118344037,-0.41099158434668714,1.594630314753065,3.046273098335095,60.517915784035445,217.6698139032378,185.9604815864925,31.709332316745304
2023-11-28,17150.30078125,17360.380859375,17145.19921875,17341.25,3435400.0,0.0,0.3882668906522113,0.5249187552681889,2.3962791024132457,4.198091273854043,66.18484118540924,220.04462514724582,192.77731029864316,27.267314848602666
2023-11-29,17352.109375,17441.7890625,17323.26953125,17370.560546875,3414100.0,0.0,0.4877886189058156,0.5538943980976763,2.1675686174098985,4.2984184194815755,66.92011938995441,221.73576447491723,198.56900113389798,23.166763341019248
2023-11-30,17389.19921875,17433.849609375,17313.30078125,17433.849609375,4478400.0,0.0,0.6916305749360419,0.7670397317951938,2.228084287043952,4.610991495422723,68.51222425422398,225.58252802822244,203.97170651276286,21.610821515459577
2023-12-01,17422.349609375,17450.130859375,17355.890625,17438.349609375,3399000.0,0.0,0.542332340541174,0.6595823946985879,1.9762084581340433,4.5703585710925365,68.62784098317032,226.3846074158173,208.45428669337375,17.930320722443554
2023-12-04,17450.640625,17516.609375,17398.099609375,17421.48046875,3929200.0,0.0,0.11713296379398663,0.43987128902023276,1.6480791670489658,4.397905037717931,67.62541170056828,223.08744919480887,211.38091919366076,11.70653000114811
2023-12-05,17401.58984375,17401.58984375,17252.5703125,17328.009765625,3623500.0,0.0,-0.4048649987498876,-0.04790679806399023,0.913396291260149,3.7643203906333245,62.203694940264576,210.50554607498634,211.2058445699259,-0.7002984949395454
2023-12-06,17340.8203125,17439.849609375,17337.470703125,17360.720703125,3307100.0,0.0,-0.20556643613784953,0.11163812439074494,0.9217284022357441,3.878847292214105,63.31223235388169,200.85842558424338,209.13636077278937,-8.277935188545996
2023-12-07,17356.919921875,17387.939453125,17273.7109375,17278.740234375,3368200.0,0.0,-0.49938165239916676,-0.35202201801282085,0.2897602477172079,3.301180795911751,58.66809470488149,184.47140289965319,204.20336919816214,-19.73196629850895
2023-12-08,17309.359375,17465.349609375,17309.359375,17383.990234375,3155300.0,0.0,0.1694189032232396,0.19915991961103607,0.6957081622461336,3.8464725443744685,62.47390567173425,177.92634064933736,198.9479634883972,-21.02162283905983
2023-12-11,17416.9609375,17451.8203125,17372.8203125,17418.33984375,3003300.0,0.0,0.3709798047266677,0.23484778502733672,0.725753233961357,3.965046774210501,63.65028446187111,173.51093204838617,193.860557200395,-20.349625152008826
2023-12-12,17429.609375,17528.720703125,17404.880859375,17450.630859375,3356500.0,0.0,0.41514831108508954,0.35749943456597766,0.7566483758830067,4.091193640548152,64.76841020381165,170.6501552507907,189.21847681047413,-18.568321559683426
2023-12-13,17447.509765625,17507.919921875,17438.689453125,17468.9296875,3410000.0,0.0,0.39541963630247423,0.4059337365597493,0.7633545474589498,4.1436064391494165,65.41759901815247,167.92381037090308,184.95954352255993,-17.035733151656842
2023-12-14,17482.380859375,17668.349609375,17482.380859375,17653.109375,4072600.0,0.0,1.0192238912732465,1.3368324977947932,1.6843968190296987,5.141865885927488,71.17483163579243,178.56652024710638,183.68093886746922,-5.114418620362841
2023-12-15,17693.330078125,17743.5390625,17642.7890625,17673.869140625,5019300.0,0.0,0.8035906804005011,1.3190207775057416,1.667842536595221,5.157205415654409,71.74579355928013,186.52592928547165,184.2499369510697,2.275992334401934
2023-12-18,17637.859375,17665.91015625,17586.880859375,17652.029296875,3975400.0,0.0,0.4113583778994956,1.0602513994013574,1.4134131906561764,4.911025641190836,70.17106704816422,188.8940721441868,185.17876398969312,3.7153081544936697
2023-12-19,17669.83984375,17669.83984375,17497.3203125,17576.55078125,3914800.0,2.0,-0.16101698262321884,0.48514329203046547,0.9334312946369216,4.332231709142964,64.8717171392238,182.57573755749036,184.65815870325258,-2.0824211457622255
2023-12-20,17608.349609375,17657.650390625,17597.48046875,17635.19921875,4182900.0,2.0,-0.016738396535131983,0.6624774907165953,1.1758248949383932,4.546863132230761,66.95969704801232,180.2233480658324,183.77119657576856,-3.547848509936159
2023-12-21,17531.44921875,17552.900390625,17442.759765625,17543.740234375,4021800.0,2.0,-0.41176405761618184,-0.0108211096037647,0.579214839742237,3.8926214536050274,60.88233249610456,169.03060713999366,180.82307868861358,-11.792471548619915
2023-12-22,17586.16015625,17618.169921875,17567.55078125,17596.630859375,3700300.0,2.0,-0.023858072212279424,0.16922692523824168,0.7931005351010212,4.070192939938755,62.975153489514376,162.55428610533636,177.16932017195813,-14.615034066621774
2023-12-25,17596.26953125,17663.349609375,17595.26953125,17604.83984375,3027400.0,2.0,0.07644452529205203,0.10967476621073224,0.7053086911205098,3.986059425131794,63.30331030993241,156.28262266815,172.9919806711965,-16.709358003046503
2023-12-26,17619.08984375,17751.73046875,17619.08984375,17751.73046875,2900000.0,2.0,0.7108776824289231,0.7724238308250975,1.4264912690604037,4.70958843539806,68.6566301196472,161.30569834934795,170.65472420682678,-9.349025857478836
2023-12-27,17766.73046875,17897.16015625,17766.73046875,17891.5,3378000.0,2.0,1.2095004468247073,1.3228063053770889,2.073172444575322,5.395786450126461,72.7326994150106,174.5526211240831,171.43430359027803,3.1183175338050546
2023-12-28,17900.759765625,17928.140625,17841.759765625,17910.369140625,3289700.0,2.0,0.8977238008145649,1.2821068884190545,2.0421172441644986,5.356330592918868,73.23867296219412,184.44729125529557,174.03690112328155,10.410390132014015
2023-12-29,17893.630859375,17945.69921875,17864.23046875,17930.810546875,2868000.0,2.0,0.633974059019482,1.2505858904058087,2.015465431549379,5.305459357814923,73.80574093097762,191.72821574550107,177.57516404772545,14.153051697775624
2024-01-02,17939.7890625,17956.740234375,17784.970703125,17853.759765625,3254000.0,2.0,-0.07765000537918176,0.7007901406274275,1.4523367657441888,4.7094375750537765,67.96009621145463,189.10120576494592,179.88037239116954,9.220833373776372
2024-01-03,17829.279296875,17829.279296875,17518.189453125,17559.310546875,3095000.0,2.0,-1.5134734584935416,-0.9503639457296265,-0.28637272370651834,2.8780838146567067,51.25361989930711,161.39918099938222,176.18413411281207,-14.78495311342985
2024-01-04,17574.390625,17609.890625,17515.73046875,17549.650390625,3096700.0,2.0,-1.1887410720210267,-0.9570604877320421,-0.39466142616744193,2.733445399580625,50.81229532007276,137.08539778135673,168.364386846521,-31.278989065164268
2024-01-05,17559.400390625,17606.7890625,17495.390625,17519.140625,3084900.0,2.0,-0.9240403357055449,-1.115516805202843,-0.6356111687287891,2.485529256661456,49.36650485573502,114.04008321274523,157.49952611976585,-43.459442907020616
2024-01-08,17534.51953125,17688.109375,17534.51953125,17572.66015625,3044600.0,2.0,-0.21716170833877557,-0.8000111491359929,-0.3853595031811041,2.7194865369433385,51.9493249062983,98.9543995540007,145.7905008066128,-46.83610125261211
2024-01-09,17585.400390625,17694.259765625,17517.55078125,17535.490234375,3213400.0,2.0,-0.06701993752982194,-0.9710716618709925,-0.6290615112158005,2.4140862459043566,50.0401789713109,83.04232429226249,133.24086550374275,-50.19854121148026
2024-01-10,17495.669921875,17499.4296875,17439.26953125,17465.630859375,2843300.0,1.0,-0.35875027469193244,-1.205969740847268,-1.0291502888239767,1.9244200315064575,46.57571179774757,64.05641975053368,119.40397635310094,-55.347556602567266
2024-01-11,17477.880859375,17574.919921875,17476.869140625,17545.3203125,2880100.0,2.0,0.10082285175341266,-0.5604893698721081,-0.5990956626333088,2.2795991582408304,50.76333021558761,54.80842903692246,106.48486688986524,-51.67643785294278
2024-01-12,17536.05078125,17570.630859375,17469.869140625,17512.830078125,2596200.0,2.0,-0.07734766166969109,-0.5204946451503489,-0.7437239388554562,1.9851575971342905,49.07436867976188,44.34644121671954,94.0571817552361,-49.71074053851656
2024-01-15,17541.259765625,17632.76953125,17532.98046875,17546.8203125,0.0,2.0,0.14611970811551078,-0.10953517277202396,-0.5152620101909644,2.0735167935545418,50.914336869303725,38.35582625112875,82.91691065441464,-44.56108440328589
2024-01-16,17523.779296875,17523.779296875,17337.580078125,17346.869140625,3415100.0,1.0,-0.781451344342754,-0.9620299382999575,-1.5637646847617481,0.8032924925120533,41.43113133131002,17.274700231064344,69.78846856974458,-52.51376833868024
2024-01-17,17341.580078125,17361.05078125,17151.580078125,17161.7890625,3977500.0,1.0,-1.4976802253916843,-1.79582213725763,-2.4992779824153155,-0.3544417005472478,34.943301995200585,-14.202936931164004,52.99018746956286,-67.19312440072687
2024-01-18,17169.099609375,17300.2890625,17169.099609375,17227.7890625,3027100.0,1.0,-0.7571219922266725,-1.2362526900847826,-2.010911219146827,-0.05526708860735807,38.63368638596055,-33.43808927272403,35.70453212110549,-69.14262139382951
2024-01-19,17546.509765625,17682.970703125,17499.849609375,17681.51953125,3364900.0,1.0,1.659074430965246,1.2706290120357622,0.5304486082895021,2.4177761701624556,56.78337349759459,-11.93228132924196,26.177169431036,-38.10945076027796
2024-01-22,17770.779296875,17869.0703125,17765.130859375,17815.099609375,3480100.0,1.0,2.1120794172758695,1.894219764417615,1.2270658988589478,3.0243805005493396,60.488406533223795,15.708939460710099,24.083523436970818,-8.37458397626072
2024-01-23,17840.279296875,17893.73046875,17801.890625,17874.58984375,3182700.0,1.0,1.8369959551135073,2.036577295350517,1.4873179083116916,3.1968445284665803,62.048873444904714,41.93180704445331,27.653180158467315,14.278626885985993
2024-01-24,17883.619140625,17944.98046875,17856.33984375,17875.830078125,2687500.0,1.0,1.0221237890932544,1.8052688676658546,1.458615484221415,3.018184879052632,62.08249459338754,62.09786949417685,34.54211802560922,27.555751468567628
2024-01-25,17894.830078125,18014.259765625,17894.830078125,18002.619140625,2496500.0,1.0,0.855395432733741,2.261023293316189,2.1460266887265433,3.553517524262162,65.45205185583282,87.30405025115033,45.09450447071744,42.20954578043289
2024-01-26,17985.439453125,18029.849609375,17943.650390625,17995.029296875,2484900.0,1.0,0.4599865379580459,1.9386945762275287,2.0784451782005275,3.351518735186154,65.07922158907999,105.45210689548912,57.16602495567177,48.28608193981735
2024-01-29,18001.240234375,18119.630859375,17995.109375,18119.630859375,2167700.0,1.0,0.8128115935704283,2.3125495557834386,2.7302417036445314,3.906816740423791,68.27425271078285,128.4086621650349,71.4145523975444,56.994109767490514
2024-01-30,18083.44921875,18138.740234375,18034.630859375,18034.630859375,2422700.0,1.0,0.16152139565142054,1.4386649623654213,2.195930690502479,3.2826420281584,63.974177899939214,138.15059393273987,84.7617607045835,53.38883322815637
2024-01-31,17970.41015625,17996.330078125,17874.94921875,17889.560546875,2303000.0,1.0,-0.6593272678845685,0.21247731614142396,1.2791006765315638,2.3341758678124824,57.336796351808076,132.63623527287928,94.33665561824265,38.29957965463663
2024-02-01,17871.26953125,17968.109375,17832.94921875,17968.109375,2620500.0,1.0,-0.18489021378642612,0.23679717458131577,1.6034417537586831,2.6633773164564056,59.77057851662833,133.0703481359742,102.08339412178896,30.986954014185244
2024-02-02,18016.349609375,18059.9296875,17985.890625,18059.9296875,2697800.0,1.0,0.25289486196493627,0.5367926188446281,1.966747966984328,3.0590219509843752,62.46605873959451,139.2186911411227,109.5104535256557,29.708237615466984
2024-02-05,18047.400390625,18115.80078125,17992.169921875,18096.0703125,2575800.0,1.0,0.4797989273551684,0.5806616004135234,2.020054643651359,3.126629286288396,63.50262151685481,145.33224402388805,116.67481162530217,28.657432398585883
2024-02-15,18664.44921875,18725.470703125,18550.859375,18644.5703125,3727500.0,1.0,2.828878347400976,3.1876975962981113,4.784737025273356,6.070567769747703,74.85323291140156,192.22084250441912,131.78401780112557,60.43682470329355
2024-02-16,18639.66015625,18715.689453125,18585.140625,18607.25,3658600.0,1.0,1.817021526542284,2.5659609273155137,4.240586607584729,5.688736688043505,73.18546451182206,223.78925407743372,150.1850650563872,73.60418902104652
2024-02-19,18561.0390625,18663.740234375,18561.0390625,18635.80078125,3839600.0,1.0,1.2335268854140047,2.366059879177196,4.082610232903394,5.7001083348389825,73.66880497778455,248.24959037734516,169.79797012057878,78.45162025676638
2024-02-20,18610.2109375,18756.330078125,18610.2109375,18753.16015625,3375300.0,1.0,1.109536501847419,2.58351398967549,4.376546163559825,6.206928042264281,75.61460061820917,273.9466177875038,190.6276996539638,83.31891813354
2024-02-21,18673.490234375,18729.029296875,18645.26953125,18676.310546875,3295300.0,1.0,0.06907731076781776,1.8529739133721135,3.6231009311602502,5.625400772848876,71.86936599413677,284.827264522959,209.46761262776283,75.35965189519618
2024-02-22,18826.849609375,18881.76953125,18758.150390625,18852.779296875,3580200.0,1.0,0.7897282307089526,2.3586537261526708,4.167039088538105,6.45863251407699,74.93897477901818,304.18337219862224,228.41076454193473,75.77260765668751
2024-02-23,18950.0703125,19012.380859375,18889.189453125,18889.189453125,3696800.0,1.0,0.680871785220627,2.002733083648822,3.8725160531321245,6.516622035578301,75.53222432630278,318.78645053768923,246.48590174108563,72.30054879660361
2024-02-26,18899.390625,18974.080078125,18854.7109375,18948.05078125,3220600.0,1.0,0.6595484849409861,1.7819837994262233,3.70567980521459,6.68432791025233,76.50069355099718,331.29020532000504,263.4467624568695,67.84344286313552
2024-02-27,18964.490234375,19023.009765625,18752.529296875,18854.41015625,3784600.0,1.0,0.05445780488175789,0.848593389750496,2.8630096263083216,6.001936036670008,71.64243522008154,329.8413000318469,276.725669971865,53.115630059981925
2024-02-29,18796.5390625,19019.689453125,18794.619140625,18966.76953125,3892000.0,1.0,0.34138646019421515,0.9793009811934983,3.1519454938003344,6.466101340708463,73.79304441686433,333.9103836376271,288.1626127050174,45.74777093260968
2024-03-01,19021.349609375,19041.919921875,18923.4609375,18935.9296875,3350500.0,1.0,0.09017328040969996,0.6589670360331423,2.6878556239844364,6.1144405508328115,72.17508578915336,330.8330070907323,296.6966915821604,34.1363155085719
2024-03-04,18952.689453125,19333.390625,18952.689453125,19305.310546875,4014800.0,1.0,1.5956999476270717,2.2431129528161398,4.2867624176543995,7.986313012684243,78.30944882023708,354.11805975096286,308.1809652159209,45.93709453504198
2024-03-05,19398.970703125,19453.849609375,19332.73046875,19386.919921875,3826500.0,1.0,1.5560712814319588,2.268500121487671,4.337498473675239,8.239336870285396,79.39051700166367,374.83595075540507,321.5119623238177,53.32398843158734
2024-03-06,19283.609375,19532.30078125,19246.30078125,19499.44921875,3886200.0,1.0,1.459884754412788,2.4587500289020126,4.5199879760930095,8.658749804959175,80.81072301002702,395.7729779226429,336.36416544358275,59.408812479060146
2024-03-07,19678.359375,19794.5703125,19630.7890625,19693.51953125,4581400.0,1.0,1.7005262886309103,2.928343182987647,5.116836549178161,9.510822259534146,82.98801832386845,423.1477907696499,353.7208905087962,69.4269002608537
2024-03-08,19966.490234375,20065.5,19638.130859375,19785.3203125,4903500.0,1.0,1.286040083822959,2.9065809106746388,5.11570658134981,9.780797308669676,83.91758783238635,447.09623591166746,372.3959595893704,74.70027632229704
2024-03-11,19671.900390625,19828.69921875,19649.669921875,19726.080078125,3536700.0,1.0,0.5496016346380195,2.15380793042641,4.292180470528684,9.209907155215591,80.84751476331456,456.03843223049626,389.1244541175956,66.91397811290068
2024-03-12,19672.759765625,19917.060546875,19664.7109375,19914.55078125,4044500.0,1.0,0.9671916759285359,2.6162176406418824,4.7496461113402555,9.994143480472673,82.98078996205024,472.8821072910541,405.8759847522873,67.00612253876682
2024-03-13,20024.830078125,20112.810546875,19866.73046875,19928.509765625,4854900.0,1.0,0.600283172419247,2.1229313279383932,4.310454395534946,9.803405511104701,83.13065988917623,481.80328613717575,421.061445029265,60.74184110791077
2024-03-14,19920.630859375,19995.509765625,19775.5,19937.919921875,4476200.0,1.0,0.4000495773815338,1.6652037164741174,3.8590738560117632,9.598213356275508,83.2378200345557,484.05284571875745,433.65972516716346,50.393120551593995
2024-03-15,19845.44921875,19888.130859375,19682.5,19682.5,5186200.0,1.0,-0.7834096074130437,-0.017819802832075293,2.2521366308540847,7.97021015863606,70.20227985772506,459.92367104513687,438.91251434275813,21.01115670237874
2024-03-18,19706.109375,19879.859375,19706.109375,19879.849609375,3761200.0,1.0,0.05628759243929693,0.6907992929819251,2.9371116303894773,8.811125829072864,73.63754577247167,451.5207403986242,441.43415955393135,10.086580844692833
2024-03-19,19798.119140625,19921.25,19762.16015625,19857.19921875,4061600.0,1.0,1.7704539212459736e-05,0.33707793756840854,2.49571910240749,8.450871200033006,72.60298523207027,437.9848434559317,440.7442963343314,-2.7594528783997134
2024-03-20,19879.25,19994.419921875,19728.4296875,19784.44921875,4499200.0,1.0,-0.2215731544241928,-0.174280451588682,1.8491310206644629,7.844319128621113,69.23829598748928,416.5850969229832,435.91245645206175,-19.327359529078535
2024-03-21,19843.80078125,20199.30078125,19843.80078125,20199.08984375,4424400.0,2.0,1.6019234028998186,1.6585328836292268,3.5776937212688376,9.852492363811582,76.05077872301835,428.14825024420134,434.35961521048966,-6.211364966288329
2024-03-22,20232.060546875,20296.099609375,20084.310546875,20228.4296875,4690300.0,2.0,1.1937394566608805,1.5796631569928277,3.3635744846775673,9.755745588534426,76.44823477889013,434.66901886915366,434.42149594222246,0.2475229269311967
2024-03-25,20228.640625,20285.380859375,20172.80078125,20192.25,3611700.0,2.0,0.6980073147061727,1.161170751599916,2.836340107920532,9.300902645392274,74.79973282374247,431.93826116654964,433.9248489870879,-1.9865878205382614
2024-03-26,20208.880859375,20397.0703125,19977.400390625,20126.490234375,4582900.0,2.0,0.10120508303170794,0.7247717204550197,2.1947671475866626,8.70063248028925,71.77039658978848,419.6306120201589,431.0660015937021,-11.435389573543205
2024-03-27,20158.0703125,20255.099609375,20108.9609375,20200.119140625,3865800.0,2.0,0.053708510857397584,0.9560251954390919,2.2193942761746355,8.838047220971902,73.08476867073857,411.0792827086552,427.06865781669273,-15.989375108037507
2024-03-28,20213.33984375,20222.19921875,20065.9296875,20146.55078125,4294000.0,2.0,-0.1596588431458823,0.5834238654297996,1.6449057613423745,8.301430203604209,70.51245421052081,395.42159964883103,420.7392461831204,-25.317646534289338
2024-03-29,20156.33984375,20335.919921875,20156.33984375,20294.44921875,4231500.0,2.0,0.5075152857006549,1.0132032318561635,2.0413929242628193,8.834222083345233,73.30597069822994,390.4461210447116,414.68062115543864,-24.234500110727026
2024-04-01,20319.73046875,20387.23046875,20217.580078125,20222.330078125,3144500.0,2.0,0.12051788342390957,0.4829499645746749,1.4449028404933006,8.208518021251976,69.83190413328639,376.3453317631938,407.01356327698966,-30.66823151379583
2024-04-02,20359.810546875,20466.5703125,20359.810546875,20466.5703125,3410300.0,2.0,0.9896692371017757,1.3895593412355467,2.392846871248544,9.264506491419988,74.27779091721598,380.4924206037358,401.7093347423389,-21.2169141386031
2024-04-03,20388.83984375,20403.73046875,20269.66015625,20337.599609375,3449300.0,2.0,0.21730903676053792,0.47532174804358895,1.534737112195117,8.34198655614129,68.53428675894409,369.11720710297595,395.19090921446633,-26.073702111490377
2024-04-08,20395.05078125,20487.830078125,20379.830078125,20417.69921875,3597800.0,2.0,0.34386898354061834,0.7622192864286559,1.7506947175381926,8.529057444271015,70.08160710415767,362.38825132342754,388.6303776362586,-26.242126312831033
2024-04-09,20521.560546875,20820.810546875,20521.560546875,20796.19921875,4638900.0,2.0,1.7024558617247942,2.343370242863485,3.376544152354799,10.253550643663466,76.06994746657507,383.1802289739426,387.54034790379535,-4.360118929852774
2024-04-10,20789.419921875,20883.689453125,20763.529296875,20763.529296875,4529300.0,2.0,1.0080100443564222,1.8961214672985172,2.9486861818469823,9.769561122255933,74.68049938237485,392.49736608361854,388.53175153975997,3.965614543858578
2024-04-11,20713.25,20770.830078125,20651.880859375,20753.220703125,4546200.0,2.0,0.6770809458531035,1.5332514752979254,2.68408153831865,9.406242852025759,74.21983439907736,394.501874960617,389.72577622393135,4.77609873668564
2024-04-12,20772.7890625,20825.0390625,20713.869140625,20736.5703125,4725000.0,2.0,0.20840688974255173,1.186223783762852,2.39699726940672,9.010301755342432,73.4319316321977,390.24837497153203,389.8302959734515,0.4180789980805457
2024-04-15,20586.529296875,20623.76953125,20449.76953125,20449.76953125,4754200.0,2.0,-1.2081642469011444,-0.36067512493883624,0.8533237675199645,7.232306068112759,61.35066414984619,359.5898910060532,383.78221497997185,-24.192323973918633
2024-04-16,20365.109375,20365.109375,19844.5390625,19901.9609375,5377200.0,2.0,-3.016660554409678,-2.8440172168671007,-1.9014233303841444,4.1443774631954255,45.837999684674074,287.7719899247677,364.58016996893105,-76.80818004416335
2024-04-17,19986.619140625,20264.990234375,19986.619140625,20213.330078125,3987800.0,2.0,-0.9683039627663481,-1.3196618315782338,-0.4484756863770367,5.5208623748082,53.09732346977645,253.06351465538683,342.2768389062222,-89.2133242508354
2024-04-18,20126.5703125,20363.08984375,20057.810546875,20301.19921875,4862300.0,2.0,-0.0953063849703284,-0.8106108360296571,-0.12491575255116905,5.726063087082656,54.93303842183995,229.99585419897267,319.82064196477234,-89.82478776579967
2024-04-19,19992.060546875,19992.060546875,19291.880859375,19527.119140625,7130900.0,1.0,-2.7469771743615645,-4.213372446049368,-3.872282079620082,1.5172637645174625,40.05867486276814,147.55188773227928,285.3668911182737,-137.81500338599443
2024-04-22,19466.439453125,19695.490234375,19395.310546875,19411.220703125,5729000.0,1.0,-2.313653559361384,-4.309457528597105,-4.257154994373247,0.7519745547192036,38.38288795438146,72.03207411612675,242.69992771784433,-170.66785360171758
2024-04-23,19564.380859375,19709.0,19509.740234375,19599.279296875,4097700.0,1.0,-1.0658546732998486,-2.8089283556177236,-3.179358776824126,1.5302435325772912,42.580316353518306,27.045075780210027,199.56895733031746,-172.52388155010743
2024-04-24,19770.4609375,20165.76953125,19770.4609375,20131.740234375,4696300.0,1.0,1.705701778500024,0.1452513825356938,-0.534130159016788,4.021819896940548,52.4558071324792,33.96616240272124,166.44839834479822,-132.48223594207698
2024-04-25,20003.0,20003.0,19848.5703125,19857.419921875,3809400.0,1.0,0.7716889945311722,-0.7772014151766538,-1.8242200194475422,2.3725612858813916,47.886350786139744,17.118485541126574,136.5824157840639,-119.46393024293732
2024-04-26,20094.169921875,20226.2890625,20087.609375,20120.509765625,4713100.0,1.0,1.4955370914097266,0.8478365695265389,-0.5039142033736899,3.5119643614702767,52.18803341509778,24.71088025878271,114.20810867900767,-89.49722842022496
2024-04-29,20235.9296875,20495.51953125,20235.9296875,20495.51953125,5508500.0,1.0,2.2684905519745113,2.7039063155971155,1.2631396259658034,5.1994614714022,57.564966232251116,60.293041124368756,103.42509516807988,-43.13205404371112
2024-04-30,20508.48046875,20559.970703125,20396.599609375,20396.599609375,4326200.0,1.0,0.9714768356903436,1.9555019224502868,0.7489775406492427,4.466339251844809,55.782895542966294,79.59265440368108,98.65860701520012,-19.065952611519037
2024-05-02,20360.669921875,20360.669921875,20222.439453125,20222.439453125,4720400.0,1.0,0.019495992936846562,1.0803332699418577,-0.11131330999375466,3.367276374466033,52.69013895160249,79.9132773643505,94.9095410850302,-14.996263720679693
2024-05-03,20381.98046875,20521.490234375,20272.33984375,20330.3203125,4752500.0,1.0,0.08488412416114421,1.6047780324672578,0.4553674707468591,3.7130465728603568,54.37748509934494,87.8596655900692,93.499565986038,-5.6399003959687946
2024-05-06,20479.80078125,20639.900390625,20479.80078125,20523.310546875,4590100.0,1.0,0.6358485766269961,2.0611566510524204,1.362456628286668,4.472988426926827,57.31072074357309,108.47945095249815,96.49554297933003,11.98390797316813
2024-05-07,20634.619140625,20689.189453125,20493.80078125,20653.529296875,4547600.0,1.0,1.1176830963620432,2.0780957440665437,1.9462228294361728,4.9103267110338855,59.216091300819905,133.78614089796247,103.95366256305651,29.832478334905957
2024-05-08,20604.1796875,20700.509765625,20547.48046875,20700.509765625,4479700.0,1.0,1.0469962979330338,1.7564596536701949,2.2022556785322944,4.912188886492386,59.911293564043554,155.83642094471725,114.33021423938865,41.506206705328594
2024-05-09,20710.05078125,20754.609375,20560.76953125,20560.76953125,4326400.0,1.0,0.03445435516333806,0.8568427493869768,1.5631677688479284,3.969383193457965,56.80936988097679,160.1889986272763,123.50197111696619,36.687027510310116
2024-05-10,20582.119140625,20765.8203125,20574.009765625,20708.83984375,5206400.0,1.0,0.38512064561706527,1.1606778039787935,2.3057985175754636,4.476804167150905,59.21879626447152,173.58549896401382,133.51867668637573,40.066822277638096
2024-05-13,20905.16015625,20933.279296875,20816.419921875,20857.7109375,4809000.0,1.0,0.7800393398146754,1.5223010051442998,3.0104276573116984,4.980898071660134,61.541750751083576,193.9789070031802,145.61072274973662,48.36818425344359
2024-05-14,20835.94921875,20994.529296875,20816.76953125,20985.849609375,5002300.0,1.0,1.0745870512759659,1.9027966843099264,3.5062498850339185,5.370412560902449,63.47051324817389,217.96795086431302,160.0821683726519,57.88578249166113
2024-05-15,20984.69921875,21308.3203125,20984.69921875,21147.2109375,5100000.0,1.0,1.4153735253618294,2.3134200006990735,3.9827935949510618,5.958701789305376,65.79678325163837,247.15094928555118,177.49592455523174,69.65502473031944
2024-05-16,21319.01953125,21515.51953125,21249.880859375,21304.259765625,5601100.0,1.0,1.4451159929334434,2.5365685617602773,4.474805226793244,6.505722886200371,67.93692086973117,279.7266984485068,197.94207933388674,81.78461911462006
2024-05-17,21346.75,21346.75,21218.33984375,21258.470703125,5081300.0,1.0,0.699978256361522,1.8611583684586153,4.006135139977229,6.045077245497188,66.62791171191328,298.4085516565392,218.03537379841723,80.37317785812198
2024-05-20,21278.380859375,21338.349609375,21102.1796875,21271.630859375,5277600.0,1.0,0.368728817745434,1.5600603279948722,3.6282896450789304,5.889009970452896,66.82575523972491,310.69447701432364,236.5671944415985,74.12728257272514
2024-05-21,21239.259765625,21307.080078125,21131.619140625,21236.75,4601200.0,1.0,-0.03254830700351041,1.1119724733168246,3.0003516274809794,5.491281124294112,65.71375328538512,313.99700551242495,252.0531566557638,61.94384885666116
2024-05-22,21248.990234375,21567.48046875,21248.990234375,21551.830078125,5382400.0,1.0,1.065632751628831,2.1978876593127916,4.0359079328530445,6.81771909944946,70.49059243001534,338.1407362885766,269.27067258232637,68.87006370625022
2024-05-23,21668.83984375,21668.83984375,21475.990234375,21607.4296875,5498400.0,2.0,1.0390699667039538,1.9555111578668516,3.934112842342552,6.8533587889499925,71.25173803520606,357.63860546460637,286.94425915878236,70.69434630582401
2024-05-24,21442.669921875,21608.720703125,21381.25,21565.33984375,4233200.0,1.0,0.5536717784068612,1.3473205548560019,3.3073067041388127,6.415658247246192,69.78431500810642,365.48146579665627,302.65170048635713,62.82976531029914
2024-05-27,21699.98046875,21871.33984375,21699.98046875,21803.76953125,4877400.0,2.0,1.1633899035447648,2.014271798022693,4.03006263639436,7.331857955970578,73.15688160056966,386.48115804203553,319.4175919974928,67.06356604454271
2024-05-28,21812.19921875,21937.400390625,21812.19921875,21858.41015625,4906000.0,2.0,0.8352231612080985,1.854103174169519,3.9527811359729714,7.346164116154719,73.87649549371393,402.8883609916411,336.11174579632245,66.77661519531864
2024-05-29,21846.41015625,21906.099609375,21662.5,21662.5,5223800.0,2.0,-0.17046411697395625,0.699426665519054,2.7119070796181255,6.1471663935039444,66.94668113825159,395.5235262115093,347.99410187935985,47.52942433214946
2024-05-30,21481.390625,21558.359375,21364.240234375,21364.48046875,4495700.0,1.0,-1.3228989614750497,-0.7137291000084978,1.0253357467717494,4.5111048981793855,58.02933956404287,361.472328079366,350.6897471193611,10.782580960004907
2024-05-31,21400.830078125,21539.029296875,21174.220703125,21174.220703125,7171300.0,1.0,-1.8470377322470477,-1.55937286719523,-0.07371650439823574,3.429672360984215,53.1609430729276,315.4972789735075,343.65125349019036,-28.153974516682865
2024-06-03,21388.7109375,21612.5390625,21372.080078125,21536.759765625,4756500.0,1.0,0.08125528164775186,0.0028358932083527577,1.3947223562702726,5.026368623212107,60.040370574649025,304.80202578261014,335.88140794867434,-31.079382166064192
2024-06-04,21513.849609375,21529.98046875,21308.970703125,21356.619140625,4858900.0,1.0,-0.2908498028310835,-0.8887859136887277,0.3804866383799732,4.007304938556122,55.665438339485874,278.5788342423584,324.42089320741115,-45.84205896505273
2024-06-05,21385.0,21510.859375,21264.630859375,21484.880859375,4124900.0,1.0,0.4746144624065973,-0.2625644041592934,0.7975376144530921,4.487803656195788,58.011443609027765,265.0906151952404,312.554837604977,-47.464222409736635
2024-06-06,21856.130859375,21970.630859375,21847.6796875,21902.69921875,4777500.0,1.0,1.9155115763018316,1.5378598238177332,2.435303174232084,6.332188952855278,64.58562003111547,284.8321860321703,307.01030729041565,-22.17812125824537
2024-06-07,21823.619140625,21920.849609375,21823.619140625,21858.380859375,4981400.0,1.0,1.0658142122841996,1.1949330463167929,1.9539703895150362,5.950395240702333,63.450796511562515,293.51791017327196,304.3118278669869,-10.793917693714945
2024-06-11,21984.419921875,22003.7109375,21792.119140625,21792.119140625,5291900.0,1.0,0.5220702566210988,0.8936115233641129,1.4238853353819803,5.4704276720499045,61.70506670809619,291.69219613654786,301.7879015208991,-10.09570538435122
2024-06-12,21841.810546875,22094.939453125,21841.810546875,22048.9609375,4372000.0,1.0,1.0613209975226745,1.992763427091604,2.366019089655924,6.53209326743498,65.65011987140679,307.42647011904046,302.91561524052736,4.510854878513101
2024-06-13,22217.640625,22440.099609375,22211.080078125,22312.0390625,4207100.0,1.0,1.497528167834039,2.9005196781763054,3.308063240635617,7.57539603690105,69.15519472664415,337.23674637177464,309.7798414667768,27.456904904997828
2024-06-14,22311.9296875,22504.720703125,22252.01953125,22504.720703125,4357100.0,1.0,1.8163693978392015,3.2462087356160074,3.9114218300689396,8.276010012114444,71.45280220739268,372.1198373162624,322.2478406366739,49.871996679588506
2024-06-17,22468.109375,22567.33984375,22431.259765625,22496.529296875,4253400.0,1.0,1.194984375350594,2.5862957996570346,3.577548541526321,8.008009148001861,71.20995265143229,394.5557669044938,336.70942589023787,57.84634101425593
2024-06-18,22690.33984375,22787.669921875,22642.939453125,22757.4296875,4284500.0,1.0,1.4872221849434153,3.2015680808513025,4.421608529825982,9.00131087382312,74.21583555406868,428.4499791741364,355.05753654701755,73.39244262711884
2024-06-19,22858.44921875,23275.30078125,22858.44921875,23209.5390625,5033100.0,2.0,2.443000707661369,4.374785253111413,6.0162621383789805,10.900265448275515,78.42044474761812,486.18835797030624,381.2837008316753,104.90465713863097
2024-06-20,23196.689453125,23406.099609375,23180.69921875,23406.099609375,4446000.0,2.0,2.3223567367230524,4.357101567725596,6.463242034697814,11.557168195309963,79.95117616343494,541.5644150915759,413.33984368365543,128.2245714079205
2024-06-21,23193.900390625,23351.169921875,23151.150390625,23253.390625,6457400.0,2.0,0.9936893237649791,3.055629071143584,5.374189090970849,10.560489011732876,75.47202782822988,566.596627300929,443.9912004071101,122.60542689381884
2024-06-24,23124.310546875,23131.6796875,22813.69921875,22813.69921875,5094100.0,1.0,-1.1882018620950396,0.680715841565771,3.0901087588046883,8.239445222310216,64.30180527408574,544.6767198176458,464.1283042892172,80.54841552842856
2024-06-25,22695.150390625,22875.970703125,22503.0,22875.970703125,4386700.0,1.0,-1.0201271830634573,0.47493667611067103,3.121685495392601,8.305724895981426,65.08985457672536,526.2633868413686,476.5553207996475,49.70806604172111
2024-06-26,22938.5703125,23074.740234375,22893.75,22986.689453125,4289300.0,1.0,-0.348896154242484,0.5471124163035856,3.3579444294195238,8.586567352479179,66.50563381116051,514.6719477648949,484.178646192697,30.49330157219788
2024-06-27,22859.9296875,22922.560546875,22765.16015625,22905.98046875,4535700.0,1.0,-0.26631791668990656,-0.06554867092134486,2.7079113201507132,7.983282945145387,64.4536369124648,493.2868050310208,486.00027796036176,7.2865270706590195
2024-06-28,22896.720703125,23142.400390625,22896.720703125,23032.25,4348300.0,1.0,0.4769551215034973,0.25460435326856157,2.8893817424131774,8.3393558168823,66.21020577354957,480.98334464088475,484.99689129646634,-4.013546655581592
2024-07-01,23042.69921875,23187.880859375,23015.169921875,23058.5703125,4294900.0,1.0,0.3773225309108952,0.12422251736348144,2.575233527883003,8.243206375340018,66.5809220267605,467.9622157638114,481.5899561899354,-13.627740426123978
2024-07-02,23012.740234375,23041.900390625,22833.779296875,22879.369140625,5034500.0,1.0,-0.40571310379239334,-0.7064734729835154,1.475031098513857,7.1888287599542355,61.62370034495084,438.13232369330217,472.89842969060874,-34.76610599730657
2024-07-03,23009.8203125,23172.4296875,22994.279296875,23172.4296875,5720700.0,1.0,0.7071349246207781,0.5815703537254802,2.362629354667334,8.328792971072275,66.07248858865358,433.1464140019525,464.9480265528775,-31.801612550924972
2024-07-04,23360.880859375,23571.8203125,23360.880859375,23522.529296875,5361000.0,2.0,1.6837379912475026,2.0496295219861294,3.4436135877814023,9.732377932730918,70.47576761540685,452.2321069973077,462.40484264176354,-10.172735644455827
2024-07-05,23532.009765625,23628.859375,23491.7890625,23556.58984375,5319900.0,2.0,1.3714329592732666,2.0631439232720483,3.218036102282573,9.653147267353535,70.87184662560662,464.7487236874331,462.87361885089746,1.8751048365356269
2024-07-08,23550.640625,24011.640625,23505.859375,23878.150390625,5644800.0,2.0,2.0354692393883766,2.9814199582574252,4.166082936284843,10.881157489363424,74.36793664197707,494.91046160063706,469.2809874008454,25.629474199791673
2024-07-09,23888.19921875,24126.66015625,23607.919921875,23900.080078125,6353500.0,2.0,1.245974619719492,2.622737302564926,3.7845594531831894,10.711928234794055,74.59190983587528,514.650824363398,478.3549547933559,36.2958695700421
2024-07-10,23744.880859375,24040.609375,23682.490234375,24007.080078125,5510500.0,2.0,0.9851313014360485,2.632504697530025,3.807860617970027,10.902997234563117,75.70729378710426,532.7875664212479,489.2414771189343,43.54608930231359
2024-07-11,24242.029296875,24416.669921875,24151.80078125,24390.029296875,5761800.0,2.0,1.852652673906241,3.612285637307111,4.992058373378128,12.284068968451379,79.22275578420948,571.474267062913,505.68803510773006,65.78623195518293
2024-07-12,23955.669921875,24045.73046875,23774.220703125,23916.9296875,6056600.0,2.0,-0.422692564418492,1.2220744797367677,2.643507868126793,9.794064228937781,66.43240218142482,557.5316931190537,516.0567667099948,41.47492640905887
2024-07-15,23927.91015625,24018.310546875,23759.509765625,23879.359375,5209800.0,2.0,-0.5801161305643676,0.7132132898983512,2.179070236494063,9.322303385807507,65.52764083206863,537.2573245804851,520.2968782840928,16.96044629639232
2024-07-16,23880.330078125,24174.1796875,23861.76953125,23997.25,4762100.0,2.0,-0.17006184770380628,0.7354836368519191,2.411865347455455,9.488576848641127,67.04435266731767,524.6546375536273,521.1684301379997,3.4862074156275185
2024-07-17,23827.26953125,23993.6796875,23650.939453125,23769.8203125,6025100.0,2.0,-0.9205968431585609,-0.4688156193982995,1.3201425269846245,8.092657480156817,61.42922454057853,490.65922805903756,515.0665897222073,-24.407361663169695
2024-07-18,23373.009765625,23450.91015625,23148.740234375,23398.470703125,5618700.0,2.0,-1.655553349512695,-1.9728428338465331,-0.26113354850839654,6.098448856015692,53.54376710610641,428.80975915376985,497.8152236085198,-69.00546445474993
2024-07-19,23228.0390625,23235.8203125,22865.83984375,22869.259765625,5435600.0,2.0,-3.0258124413532372,-3.9132690841499285,-2.437085412891282,3.484691625732106,44.731361141028295,333.2492200211127,464.90202289103837,-131.65280286992567
2024-07-22,22818.859375,22818.859375,22130.880859375,22256.990234375,5194300.0,2.0,-4.305411241862533,-5.844428129932022,-4.936210704210242,0.5322044464362463,37.119567584935034,205.74012595682143,413.06964350419497,-207.32951754737354
2024-07-23,22514.75,22871.83984375,22514.75,22871.83984375,3915800.0,2.0,-0.7008830481619599,-2.8206639415902734,-2.309210627026359,3.0958715517701796,46.89281904489736,152.54305385139014,360.964325573634,-208.4212717222439
2024-07-26,22206.9296875,22206.9296875,21889.609375,22119.2109375,4132300.0,2.0,-2.572080300997548,-5.258532121772975,-5.348507338795827,-0.41810895812279814,38.91876339551058,49.08728057674671,298.5889165742566,-249.50163599750988
2024-07-29,22321.369140625,22471.400390625,22128.140625,22164.490234375,3920300.0,2.0,-1.2997119395316004,-4.150911797955514,-5.00404156138633,-0.3464518533103589,39.58438223293184,-28.915187971215346,233.0880956651622,-262.00328363637755
2024-07-30,22040.0390625,22276.390625,21833.849609375,22223.5703125,3659100.0,2.0,-0.4642315458408097,-3.186473645894583,-4.585475533164162,-0.23043136418121613,40.49553956642698,-84.98577461310924,169.4733216095079,-254.45909622261715
2024-07-31,22088.779296875,22315.310546875,22046.2890625,22199.349609375,3673200.0,2.0,-0.521348731410487,-2.5789921277586947,-4.513340714449477,-0.4783435360331101,40.22768468792598,-129.8793584181476,109.6027856039768,-239.4821440221244
2024-08-01,22546.400390625,22652.2109375,22465.060546875,22642.099609375,4149100.0,2.0,1.6720240088916816,-0.04154489837580044,-2.5592054748578064,1.3461010147281849,47.11403779209543,-128.2531991951073,62.031588644159974,-190.28478783926727
2024-08-02,22141.19921875,22141.19921875,21636.220703125,21638.08984375,4570100.0,2.0,-2.414727476789902,-3.566428571441005,-6.571527291210765,-3.218933508866151,36.76894429286792,-205.60951501955788,8.503367911416404,-214.11288293097428
2024-08-05,20982.919921875,20982.919921875,19783.5,19830.880859375,6413800.0,1.0,-8.642072328903726,-10.19264679763462,-13.686750375001777,-11.24453176272322,25.791241554498384,-408.03800605701326,-74.80490688226953,-333.23309917474376
2024-08-06,20344.390625,20751.5,19662.740234375,20501.01953125,6051700.0,1.0,-4.031723398657949,-6.151291811595105,-10.172675244033568,-8.241156689165518,33.696364597977926,-508.5274653122033,-161.5494185682563,-346.97804674394695
2024-08-07,20638.279296875,21306.23046875,20638.279296875,21295.279296875,3982300.0,2.0,0.53728777172668,-2.0842907824140333,-6.161554171645555,-4.727872430172953,41.63246875390289,-518.1035849601467,-232.86025184663436,-285.24333311351234
2024-08-08,21047.16015625,21074.189453125,20723.259765625,20870.099609375,3746500.0,1.0,0.20658582000077086,-3.147839710541278,-7.41705348812578,-6.630929912492844,38.94515669029711,-553.6193963941732,-297.01208075614215,-256.6073156380311
2024-08-09,21212.0,21613.759765625,21212.0,21469.0,4426600.0,1.0,3.2498236216351284,-0.06697216797578731,-4.221037426396268,-3.986146773855348,44.39023086645308,-527.3605918964022,-343.08178298419415,-184.27880891220804
2024-08-12,21598.9296875,21897.98046875,21598.9296875,21773.259765625,3821500.0,2.0,2.792633459039262,1.534186059872722,-2.2933338802427095,-2.670850905503963,46.977368711220585,-476.50621285944,-369.7666689592433,-106.73954390019668
2024-08-13,21816.0703125,21866.630859375,21698.470703125,21796.5703125,3389300.0,2.0,1.6591163677017962,1.8456849844106449,-1.721165610666675,-2.602373536534386,47.1801176202182,-429.37323736342296,-381.6879826400792,-47.685254723343746
2024-08-14,21952.029296875,22155.2890625,21942.220703125,22027.25,3955900.0,2.0,2.0383066353373724,3.0063806961238893,-0.26460590073997814,-1.6279076167332818,49.24830267944264,-369.15075171994977,-379.18053645605335,10.02978473610358
2024-08-15,22005.689453125,22089.0390625,21895.169921875,21895.169921875,3151800.0,2.0,0.47227763023551805,2.7476175369357536,-0.3885979798019745,-2.26312859999781,48.087295343884286,-328.2973489526157,-369.0038989553658,40.70655000275008
2024-08-16,22114.720703125,22374.939453125,22114.720703125,22349.330078125,3855200.0,2.0,1.7343799234725177,4.529974452090935,2.007199250505587,-0.31833313746555403,52.2552741085318,-256.31911666820815,-346.46694249793427,90.14782582972612
2024-08-19,22338.830078125,22485.91015625,22307.169921875,22409.630859375,3122100.0,2.0,1.421281901360727,3.5629280578027833,2.513761772159806,-0.11307521858234804,52.797173221893765,-192.19458042921906,-315.6124700841912,123.41788965497216
2024-08-20,22464.0703125,22545.890625,22369.25,22429.099609375,3871600.0,2.0,0.9315211074225394,2.7374734405621437,2.706223408114883,-0.08728424632132858,52.982718694626264,-138.21124485247128,-280.1322250378472,141.92098018537592
2024-08-21,22316.779296875,22358.880859375,22165.8203125,22237.890625,4134900.0,2.0,-0.11827761655321956,1.4237179138971268,1.835101933911254,-0.9884830651888277,50.86786291431069,-109.59469015014838,-246.02471806030744,136.43002791015905
2024-08-22,22254.58984375,22315.919921875,22096.259765625,22148.830078125,3019700.0,2.0,-0.7444611139445945,0.4317977093595715,1.5954494144214681,-1.4102589385252218,49.86937640592848,-93.02991524633035,-215.42575749751202,122.39584225118168
2024-08-23,22042.58984375,22159.26953125,21935.98046875,22158.05078125,4275900.0,2.0,-0.5326175209724116,0.16066251529283093,1.6286913751826226,-1.3911356751902582,49.97885160212853,-78.2560906109029,-187.9918241201902,109.73573350928729
2024-08-26,22250.490234375,22449.44921875,22164.529296875,22240.119140625,4880500.0,2.0,-0.01204392650759889,0.31992592761875827,1.9874124113511193,-1.0682957711623642,51.00442299278255,-59.24258576849388,-162.24197644985094,102.99939068135706
2024-08-27,22179.2109375,22205.109375,22059.509765625,22185.0,3660500.0,2.0,-0.040452977602456475,-0.10373320821440712,1.7436482169507883,-1.3734817092812879,50.25911049000161,-48.06780446582343,-139.40714205304545,91.33933758722202
2024-08-28,22210.5703125,22370.66015625,22108.859375,22370.66015625,3293800.0,2.0,0.6756279498117523,0.576746022970509,2.55482642830005,-0.6361885406019452,52.76299273096606,-23.9543558871992,-116.3165848198762,92.362228932677
2024-08-29,22136.310546875,22273.619140625,22010.890625,22201.849609375,3416000.0,2.0,-0.13173563513503295,-0.31965310930226476,1.8837544715907262,-1.4345239480522465,50.284432624621466,-18.25543716876564,-96.70435528965409,78.44891812088845
2024-08-30,22230.0703125,22342.25,22230.0703125,22268.08984375,4245800.0,2.0,0.06716396531614155,0.014227642151620756,2.040227367896308,-1.2070767549000272,51.252114886520005,-8.298311930178897,-79.02314661775905,70.72483468758016
2024-09-02,22341.900390625,22439.310546875,22178.0390625,22235.099609375,2928000.0,2.0,-0.07657795832064496,-0.05559884572894358,1.3308745553483936,-1.4081303347584173,50.72258559604196,-3.034277383645531,-63.82537277093635,60.79109538729082
2024-09-03,22240.109375,22303.5,22092.2109375,22092.2109375,2936800.0,2.0,-0.6358448834348773,-0.547269038396192,0.3159769887745245,-2.055425202318917,48.39054660955226,-10.273981664751773,-53.115094549699435,42.84111288494766
2024-09-04,21574.650390625,21574.650390625,20922.169921875,21092.75,4571100.0,1.0,-4.027891527891525,-4.554522376052461,-4.178299277603214,-6.433545690928522,35.94262332262868,-95.55810987171935,-61.60369761410342,-33.954412257615935
2024-09-05,21271.08984375,21488.810546875,21150.990234375,21187.7109375,3353700.0,1.0,-2.697849279715614,-3.7060285098152956,-3.8162939294787535,-5.970285811094811,37.58542908107032,-153.71194624615964,-80.02534734051466,-73.68659890564498
2024-09-06,21255.44921875,21461.7109375,21125.140625,21435.189453125,2587200.0,2.0,-0.8024712247348909,-2.26018649298928,-2.685372537645059,-4.828786082415226,41.77620796221797,-177.78048978031075,-99.57637582847387,-78.20411395183687
2024-09-09,21127.810546875,21163.91015625,20922.509765625,21144.439453125,2944600.0,1.0,-1.1501421723885463,-3.101834202705611,-3.868143033209459,-6.03851807657384,38.50510666988451,-217.80535448906085,-123.22217156059126,-94.58318292846958
2024-09-10,21252.5703125,21324.4296875,20977.0,21064.080078125,3118200.0,1.0,-0.5700016641105754,-2.971678789273835,-4.07376409008251,-6.295637292767364,37.628147597376255,-253.09218889632393,-149.1961750277378,-103.89601386858612
2024-09-11,21089.1796875,21134.05078125,21031.0,21031.0,2863800.0,1.0,-0.6682446163587374,-2.5225301870754113,-4.00665328808868,-6.341027581088965,37.252028332388356,-280.4931942920848,-175.45557888060722,-105.03761541147759
2024-09-12,21373.640625,21706.849609375,21373.640625,21653.25,3050300.0,1.0,1.8229363510211316,0.6174052512500028,-1.1118748767740994,-3.4908191642126107,47.81814325804248,-249.12653818571926,-190.18977074162962,-58.93676744408964
2024-09-13,21754.359375,21796.390625,21643.220703125,21759.650390625,2514700.0,1.0,2.0119862566849056,1.351274086690868,-0.49196760227816494,-2.912022510795964,49.387551702004224,-213.2246934008399,-194.79675527347166,-18.427938127368236
2024-09-16,21800.0,21854.740234375,21736.69921875,21850.080078125,2823700.0,1.0,1.7626434700017235,1.955313512214718,0.04957834084811097,-2.3956004080067372,50.74346769040859,-175.45279214885522,-190.92796264854837,15.47517049969315
2024-09-18,21813.5390625,21859.16015625,21584.630859375,21678.83984375,3989100.0,1.0,0.3902638692130367,1.3517760114140742,-0.5637151418353081,-3.0468775539220783,48.1148120505549,-157.52014984004927,-184.24640008684855,26.72625024679928
2024-09-19,21675.400390625,22042.689453125,21656.66015625,22042.689453125,3393700.0,1.0,1.1276258457673105,2.597181561712869,1.150468965095075,-1.3629664823075482,53.613351346690344,-112.6502173705885,-169.92716354359655,57.27694617300804
2024-09-20,22246.240234375,22354.5390625,22136.529296875,22159.419921875,5085000.0,1.0,1.1931791140612935,2.6761175876268917,1.6836562406057576,-0.7875991466155807,55.25177697535938,-66.90011644869446,-149.32175412461612,82.42163767592166
2024-09-23,22170.939453125,22307.4609375,22170.939453125,22285.529296875,3582300.0,1.0,1.282614097970125,2.8551915901882996,2.2324372708659057,-0.1707494897470574,57.01808844612363,-20.233618672864395,-123.50412703426578,103.27050836140138
2024-09-24,22273.7890625,22431.779296875,22154.55078125,22431.779296875,3517800.0,1.0,1.411087934604538,2.9186924505147704,2.858125744611306,0.5199729960472688,59.037439281283696,28.225701449766348,-93.15816133745935,121.3838627872257
2024-09-25,22569.2890625,22785.3203125,22569.2890625,22761.599609375,4014100.0,2.0,1.9045138689411711,3.624866416898076,4.232683914878099,2.0185661631287877,63.232657017195436,92.18119711337204,-56.09028964729307,148.2714867606651
2024-09-26,22841.419921875,22961.76953125,22769.240234375,22858.810546875,3923400.0,2.0,1.5972975701552095,3.208598582042499,4.560976378842918,2.469560908563051,64.39025739134348,148.9929998741609,-15.073631743002274,164.06663161716315
2024-09-27,22978.970703125,23079.2109375,22806.830078125,22822.7890625,4104100.0,2.0,0.8425532179298756,2.504681509951512,4.248158204339947,2.3124117738032135,63.59129699539396,188.93223690327795,25.727541986253776,163.20469491702417
2024-09-30,22643.91015625,22691.23046875,22224.5390625,22224.5390625,3569300.0,1.0,-1.74786091749638,-0.3902388217890129,1.5256165893971163,-0.29887650786488695,52.04179748677868,170.34694127762123,54.65142184452726,115.69551943309396
2024-10-01,22329.650390625,22446.859375,22311.330078125,22390.390625,2789600.0,1.0,-0.9784133099949521,0.11066955649303711,2.2469889545294164,0.5302439797835623,54.508502727134015,167.07486061617965,77.13610959885774,89.9387510173219
2024-10-04,22459.099609375,22493.05078125,22193.5,22302.7109375,3632200.0,1.0,-0.9642032615985174,-0.5587421959125871,1.7976676649085865,0.23061829343773432,52.95773112789631,155.61288661514845,92.83146500211589,62.78142161303256
2024-10-07,22479.240234375,22719.0703125,22479.240234375,22702.560546875,3508600.0,1.0,0.951426583169046,0.9271251744366049,3.243422484818148,2.117500693381502,58.72480000719356,176.75617626117673,109.61640725392806,67.13976900724867
2024-10-08,22691.3203125,22691.3203125,22418.380859375,22611.390625,3557200.0,1.0,0.7354090901773969,0.3202448718814699,2.4970095382690127,1.80576744390879,57.00868076959106,184.03430200224102,124.49998620359065,59.53431579865037
2024-10-09,22637.169921875,22885.94921875,22637.169921875,22659.080078125,3670800.0,1.0,0.5585241655291728,0.3654897851809169,2.4290532327493786,2.12378740875081,57.70494005670057,191.443567125556,137.88870238798373,53.554864737572274
2024-10-11,22726.189453125,23011.109375,22726.189453125,22901.640625,3012500.0,2.0,1.17587125574794,1.229203368703291,3.115992119765165,3.3325283236075087,61.15121683368386,214.41641314524168,153.19424453943532,61.22216860580636
2024-10-14,22947.3203125,23015.55078125,22799.140625,22975.2890625,2706500.0,2.0,0.9016115302521,1.4589097404753115,3.004405039621849,3.738289862490163,62.159416141885785,235.84667882282884,169.724731396114,66.12194742671483
2024-10-15,23083.69921875,23353.91015625,23082.060546875,23292.0390625,3579700.0,2.0,1.7657862263496193,2.6612730416438524,3.8978820957480176,5.214985951166873,66.21981559320224,275.21686784289705,190.82315868547062,84.39370915742643
2024-10-16,22990.640625,23258.51953125,22866.73046875,23010.98046875,3698000.0,2.0,0.18797881538770156,1.3384310040245984,2.3342876819952174,4.022625814765002,60.06137018325346,280.50545440741917,208.75961782986033,71.74583657755883
2024-10-17,23114.2109375,23191.7890625,22950.69921875,23053.83984375,3263300.0,2.0,0.030728969808313522,1.1577347375955505,2.2306966652387628,4.272623146849619,60.66216643649207,284.8712720359472,223.9819486710777,60.88932336486948
2024-10-18,23620.5703125,23713.69921875,23378.359375,23487.26953125,3775600.0,2.0,1.3960782361523094,2.565928655423866,3.7760041455578985,6.225916888799499,66.1996533521204,319.620975767295,243.10975409032116,76.51122167697386
2024-10-21,23602.98046875,23678.509765625,23480.060546875,23542.529296875,3005000.0,2.0,1.1392957764418288,2.2536266591700826,3.593641911356249,6.421831299690384,66.84054516485375,347.61230927313954,264.01026512688486,83.60204414625468
2024-10-22,23428.109375,23535.4296875,23269.859375,23535.4296875,3046700.0,2.0,0.8977957395165603,1.8543376824094793,3.223391790102559,6.287364526879569,66.66565081013262,365.0150967788759,284.2112314572831,80.80386532159281
2024-10-23,23402.240234375,23486.44921875,23318.83984375,23334.759765625,3039000.0,2.0,-0.23943576825523616,0.6707455318803346,2.0801730535941365,5.344422491650902,61.74764835709847,358.48218613631616,299.0654223930897,59.416763743226454
2024-10-24,23446.640625,23446.640625,23150.76953125,23192.51953125,3322300.0,2.0,-0.9649722064705712,-0.17264578650595386,1.257049680472977,4.617794626778227,58.45580526269184,337.93174245042246,306.83868640455626,31.093056045866206
2024-10-25,23255.0703125,23388.529296875,23222.76953125,23348.44921875,2744200.0,2.0,-0.18079071363183985,0.3056137938777015,1.7342522317502107,5.227504917671744,60.915676295650975,330.41872896489076,311.55469491662313,18.864034048267627
2024-10-28,23455.689453125,23547.119140625,23164.419921875,23198.0703125,2880000.0,2.0,-0.5307272511815619,-0.4357088050122693,0.9829941549946764,4.473299838816724,57.38664411824447,308.77097113189666,310.9979501596778,-2.2269790277811694
2024-10-29,23048.44921875,23056.5703125,22711.099609375,22926.58984375,2933400.0,2.0,-1.1788231649749181,-1.4463021686489386,-0.21350225043854643,3.194348785159873,51.57736731354511,266.6351579877337,302.125391725289,-35.490233737555286
2024-10-30,22985.130859375,23116.330078125,22801.44921875,22820.4296875,2981400.0,2.0,-1.1983352563085026,-1.822230213386311,-0.6750474711158749,2.7027742025428125,49.468507590398076,222.11557502022333,286.1234283842758,-64.0078533640525
2024-11-01,22438.9296875,22828.98046875,22231.939453125,22780.080078125,3569900.0,1.0,-1.0195375436713006,-1.8802597214176542,-0.9703926810067376,2.4334390408674356,48.65423163780002,181.48555599274187,265.19585390596905,-83.71029791322718
2024-11-04,22839.1796875,23020.990234375,22792.76953125,22965.390625,2715900.0,2.0,0.11892223516445366,-0.8592234919091224,-0.289430638349919,3.0246935743668546,52.51969686111644,162.36731626616893,244.63014637800902,-82.26283011184009
2024-11-05,22870.109375,23178.80078125,22849.830078125,23106.7890625,2872200.0,2.0,0.8155950206315987,-0.060818344805035895,0.14967203173978927,3.457454483897182,55.28582018212024,156.81794606710173,227.06770631582756,-70.24976024872583
2024-11-06,23112.94921875,23439.390625,23035.30078125,23217.380859375,3163400.0,2.0,1.0417209956609996,0.5558261761963168,0.5168564798761821,3.803725792872936,57.37733820171126,159.50518744455985,213.55520254157403,-54.05001509701418
2024-11-07,23180.009765625,23518.630859375,23132.939453125,23408.8203125,3751300.0,2.0,1.3557858429091407,1.3524517099377853,1.1710303426289759,4.462025947526227,60.795882686261784,175.06437638052375,205.857037309364,-30.792660928840235
2024-11-08,23608.109375,23699.69921875,23509.130859375,23553.890625,3635500.0,2.0,1.3050769858109046,1.8212469056607672,1.6015507313874133,4.946668754145289,63.20428845170428,196.8321490354174,204.05205965457466,-7.219910619157275
2024-11-11,23477.75,23563.80078125,23306.66015625,23529.640625,3158800.0,2.0,0.7119554923027183,1.6368070408483204,1.3596584928578181,4.702058878503834,62.51295765339901,209.70909742275035,205.1834672082098,4.525630214540541
2024-11-12,23276.759765625,23276.759765625,22981.76953125,22981.76953125,3983600.0,2.0,-1.52766419751037,-0.6368978173443729,-1.0018115239232017,2.1743358387393608,49.3733288800415,173.70321078977577,198.887415924523,-25.18420513474723
2024-11-13,22894.91015625,23046.470703125,22860.23046875,22860.23046875,3491500.0,2.0,-1.747720420874721,-1.1340139446505026,-1.433691997742692,1.5712948636644075,47.01258248514108,133.81852299140883,185.87363733790016,-52.05511434649134
2024-11-14,22821.0390625,22893.8203125,22619.7109375,22715.380859375,3593400.0,2.0,-1.7848422109883022,-1.715807896519661,-1.9957842246108193,0.8664423444056935,44.294321753111184,89.4898839628695,166.59688666289404,-77.10700270002454
2024-11-15,22767.109375,22940.80078125,22690.76953125,22742.76953125,3823100.0,2.0,-0.9718239051947353,-1.5814153413573506,-1.8117283605647572,0.9586636989455721,44.94255512255672,55.92449234976448,144.46240780026812,-88.53791545050365
2024-11-18,22693.9609375,22781.76953125,22503.689453125,22546.5390625,3431100.0,2.0,-0.978503763241767,-2.253424068525778,-2.460846675363604,0.0774292447530689,41.2397716171935,13.335792099045648,118.23708466002363,-104.90129256097798
2024-11-19,22614.740234375,22906.689453125,22578.75,22848.80078125,3689400.0,2.0,0.46633176704280466,-0.8321056361688339,-1.004674371154557,1.3876001012288253,48.304918206431715,3.9286479043330473,95.37539730888551,-91.44674940455246
2024-11-20,22872.91015625,22977.560546875,22622.470703125,22688.359375,3757700.0,2.0,-0.08811969746769233,-1.3018343815580424,-1.5190926908375757,0.6421405753993081,45.198367500161474,-16.285137338298227,73.04329037944876,-89.32842771774699
2024-11-21,22671.66015625,22708.5703125,22490.279296875,22555.66015625,3395800.0,2.0,-0.5325602286929021,-1.513576729115429,-1.929260306805769,0.023422527206329313,42.749556333234665,-42.52225562140666,49.93018117927768,-92.45243680068434
2024-11-22,22799.529296875,23019.0390625,22799.529296875,22904.3203125,3505100.0,2.0,0.8612737209957144,0.29326191865151063,-0.3508717248301152,1.5135708127219427,50.35958950769421,-34.780472517042654,32.98805044001361,-67.76852295705626
2024-11-25,22996.05078125,23172.4296875,22948.369140625,22948.369140625,5048900.0,2.0,0.6988743471664671,0.7425593120841123,-0.07226191092586376,1.6556152707873695,51.241400758841216,-24.804747641635913,21.429490823683704,-46.23423846531962
2024-11-26,22789.599609375,22832.109375,22645.130859375,22678.759765625,2985600.0,2.0,-0.33545888763917286,-0.3084066537674124,-1.1344818263639866,0.4247035157608492,45.87036790289861,-38.21363416213717,9.500865826519528,-47.7144999886567
2024-11-27,22665.580078125,22743.990234375,22334.779296875,22334.779296875,3577000.0,1.0,-1.541141844813465,-1.5931819505101696,-2.50826521026446,-1.0958707865574624,40.095803673411105,-75.72372641709444,-7.544052622203266,-68.17967379489117
2024-11-28,22380.44921875,22413.25,22124.310546875,22298.900390625,3123400.0,1.0,-1.4762736271073384,-1.5706453216904337,-2.5539600789611705,-1.2618241634514638,39.53671883896269,-107.11116185710853,-27.45747446918432,-79.65368738792421
2024-11-29,22202.279296875,22429.859375,22055.380859375,22262.5,2801000.0,1.0,-1.0760513611641653,-1.5225523670744145,-2.6028820930317886,-1.422596224860373,38.94343222973848,-133.38555227327743,-48.64309003000294,-84.74246224327449
2024-12-02,22456.5,22802.529296875,22456.5,22736.9296875,2812700.0,0.0,1.2222922718489793,0.49143942802003515,-0.4775438319591041,0.6408862120754977,49.56616813644039,-114.60459473867013,-61.83539097173637,-52.76920376693376
2024-12-03,22972.30078125,23144.779296875,22972.30078125,23027.4609375,3099500.0,2.0,2.1984039030958025,1.695211737668889,0.8116510792610443,1.8565937817669242,54.75725850494073,-75.40785200086248,-64.5498831775616,-10.85796882330088
2024-12-04,23126.080078125,23255.330078125,23034.69921875,23255.330078125,2836900.0,2.0,2.3732194848209875,2.4450297030667256,1.800780256146406,2.700786090903984,58.37600169234551,-25.661209270376276,-56.772148396124535,31.11093912574826
2024-12-05,23308.2890625,23387.169921875,23225.310546875,23267.939453125,2847600.0,2.0,1.562230124282693,2.179961428671362,1.887395564742822,2.599379314829142,58.57346218623235,14.61239211983775,-42.49524029293208,57.10763241276983
2024-12-06,23278.6796875,23361.119140625,23137.619140625,23193.26953125,2954100.0,2.0,0.420344701123887,1.7229754415372556,1.6406764601382795,2.138158164229842,56.85345560010918,40.04268557092291,-25.987655120161083,66.03034069108399
2024-12-09,23287.7890625,23325.990234375,23172.220703125,23273.25,3209600.0,2.0,0.3008173353531429,1.9285235610544404,2.0485079877944123,2.3304865431320376,58.26707019695681,65.89058608877167,-7.612006878374533,73.5025929671462
2024-12-10,23228.259765625,23329.009765625,23071.4296875,23125.080078125,2908900.0,2.0,-0.42153839006372484,1.0820048402233162,1.3669638760298364,1.5256578201024773,54.69211571696931,73.57107750060095,8.624609997420563,64.94646750318039
2024-12-11,23108.359375,23108.359375,22880.5703125,22903.630859375,2760300.0,1.0,-1.075485083762151,-0.13428824432957231,0.3867098050726936,0.41584016272218083,49.77657673387937,61.084674945759616,19.116622987088377,41.96805195867124
2024-12-12,23050.640625,23189.2890625,23030.48046875,23046.80078125,3059200.0,2.0,-0.26659332575131867,0.1633329683867757,0.9409100360472156,0.9407501480201752,52.73428266952534,62.02672169828293,27.69864272932729,34.32807896895564
2024-12-13,23002.369140625,23097.51953125,22920.83984375,23020.48046875,3046000.0,2.0,-0.231292013963591,-0.2795610599975906,0.764350635803579,0.732760877029448,52.12652369403954,59.95830922008099,34.15057602747803,25.80773319260296
2024-12-16,23207.2109375,23264.400390625,22959.91015625,23039.900390625,3188400.0,2.0,0.05524721576881664,-0.3262506680479671,0.7405790136029378,0.7303312473100787,52.560949332923,59.203640114992595,39.16118884498094,20.042451270011654
2024-12-17,23131.5703125,23223.509765625,23018.009765625,23018.009765625,3429100.0,2.0,0.05322714889544056,-0.4168808346607267,0.6076459813684654,0.5365212624221849,51.98825734134691,56.19142910541996,42.567236897068746,13.62419220835121
2024-12-18,23014.4296875,23211.169921875,22934.58984375,23168.669921875,3298300.0,2.0,0.4765980381957746,0.2725162551182825,1.1599696428647333,1.111687024049779,55.57584117343034,65.20955056111052,47.0956996298771,18.113850931233415
2024-12-19,22947.560546875,22947.560546875,22743.30078125,22932.25,3445900.0,1.0,-0.4497861155924876,-0.6062905953912678,0.04545211411977057,0.023687801354776994,49.344727388698715,52.67219268524059,48.2109982409498,4.46119444429079
2024-12-20,22798.390625,22845.58984375,22510.25,22510.25,4683900.0,1.0,-1.846905963387957,-2.1456521752604374,-1.711098754123952,-1.8329879577959063,40.595485199535474,8.585405828816874,40.285879758523215,-31.70047392970634
2024-12-23,22811.560546875,23132.25,22811.560546875,23104.5390625,3504100.0,2.0,0.6876588426625752,0.5114983620852165,0.8494241739317676,0.7094564340390797,53.18444463207741,21.354311074308498,36.49956602168027,-15.145254947371775
2024-12-24,23260.740234375,23326.25,23120.240234375,23120.240234375,3344300.0,2.0,0.6663871011918898,0.5819207748699817,0.8208163305840177,0.751645404983825,53.46503244896952,32.36760027861965,35.67317287306815,-3.305572594448499
2024-12-25,23226.349609375,23296.359375,23159.359375,23220.130859375,3073700.0,2.0,1.056028801567499,0.8775853466914896,1.0613239143796305,1.1603945085436607,55.30054843434549,48.59586703095556,38.25771170464563,10.33815532630993
2024-12-26,23276.080078125,23320.619140625,23241.939453125,23246.939453125,2941300.0,2.0,0.8963357957461726,0.9063163445279354,0.9696945676904267,1.2460071665337136,55.80438757038591,62.895099263914744,43.18518921649945,19.709910047415292
2024-12-27,23251.279296875,23335.66015625,23204.349609375,23275.6796875,2416800.0,2.0,0.35429670970499316,0.9192762180060932,0.872573747203087,1.2938910607350085,56.37213428132899,75.67411644200547,49.68297466160065,25.991141780404817
2024-12-30,23274.259765625,23331.669921875,23159.69921875,23190.19921875,2483600.0,2.0,-0.08805734668435594,0.4831660483070266,0.40350118821643743,0.8633743447314268,54.144267459665265,78.00482907222249,55.34734554372502,22.657483528497472
2024-12-31,23094.0703125,23123.9609375,22972.990234375,23035.099609375,2572400.0,2.0,-0.6834216745550514,-0.19627127647632303,-0.2696619756015428,0.1356218098920614,50.262767069498096,66.56932364350723,57.59174116368146,8.97758247982577
2025-01-02,22975.7109375,23038.080078125,22713.630859375,22832.060546875,3148600.0,1.0,-1.2283059743414704,-0.9314910953330036,-1.0580608031968586,-0.756318514769927,45.649228335720295,40.65440900683461,54.20427473231209,-13.549865725477481
2025-01-03,23018.560546875,23092.0703125,22905.400390625,22908.30078125,2828200.0,1.0,-0.6072785499100064,-0.5903538169077405,-0.6502590282093434,-0.44634010015897063,47.59438638440358,25.969244908224937,48.55726876749466,-22.588023859269725
2025-01-06,23131.7890625,23553.2890625,23131.7890625,23547.7109375,2957500.0,2.0,1.9263428750114553,1.7263666149696988,2.0443343701801675,2.2665525731617286,60.39607814008241,65.17490664113211,51.880796342222155,13.294110298909956
2025-01-07,23824.720703125,23943.94921875,23651.26953125,23651.26953125,3207900.0,2.0,1.9675940856715535,1.9329872207518584,2.4092259968468754,2.6605987945869103,62.01452489314618,103.40994360690092,62.18662579515791,41.223317811743016
2025-01-08,23522.2890625,23671.279296875,23388.630859375,23407.330078125,2606700.0,2.0,0.5930367448467422,0.7569817671486678,1.2910805165234907,1.5700102866530452,56.189522027428005,112.72815073982929,72.29493078409219,40.4332199557371
2025-01-09,23406.720703125,23463.9609375,23081.130859375,23081.130859375,3399500.0,2.0,-1.0206958404288868,-0.5876635615657766,-0.15883289588106697,0.16983268997663448,49.49459223254821,92.7224989836941,76.38044442401257,16.34205455968153
2025-01-10,23067.4609375,23202.25,22989.669921875,23011.859375,2979400.0,2.0,-1.4053245351693722,-0.7855660267602205,-0.45095475712805255,-0.13086221330460557,48.18170002811914,70.465958267534,75.19754719271685,-4.731588925182848
2025-01-13,23070.3203125,23070.3203125,22458.220703125,22488.330078125,3544500.0,1.0,-2.7657140660515167,-2.7124814908870087,-2.6036296631768097,-2.3629886215563167,39.626531668930554,10.462445895700512,62.25052693331359,-51.788081037613075
2025-01-14,22573.9609375,22797.51953125,22542.9296875,22797.51953125,2319000.0,0.0,-0.6957042526713142,-1.207058691513152,-1.2126874632398588,-0.971162178813556,45.75275078821464,-12.003397404405405,47.399742065769786,-59.40313947017519
2025-01-15,22757.4609375,22777.33984375,22509.650390625,22514.5703125,2359800.0,1.0,-1.15946883312944,-2.2126377220272775,-2.3322442023988033,-2.1274107820613675,41.593279974345,-52.03949838136032,27.511893976343764,-79.55139235770409
2025-01-16,22817.51953125,23147.689453125,22817.51953125,23025.099609375,2497000.0,2.0,1.131543218054798,-0.07903594723517315,-0.08646498966288219,0.1289215441211411,50.361927852271805,-42.08778744870506,13.591957691333997,-55.67974514003905
2025-01-17,23190.119140625,23209.880859375,22905.529296875,23148.080078125,2465000.0,2.0,1.5501842420572842,0.3502363690129462,0.4001727024844248,0.6773467850947013,52.22269330656363,-24.000822259888082,6.0734017010895816,-30.074223960977662
2025-01-20,23203.470703125,23346.640625,23176.4296875,23266.8203125,2168200.0,2.0,1.3786343420011837,0.9879654080410694,0.7498807610470726,1.1883307092757311,54.01510738529303,-0.08445394517184468,4.8418305718372965,-4.926284517009141
2025-01-21,23266.8203125,23377.640625,23174.01953125,23300.009765625,0.0,2.0,1.080624083794124,1.286444969532563,0.8509161448815084,1.3362309678278894,54.52860898436743,21.301995598496433,8.133863577169123,13.16813202132731
2025-01-22,23472.669921875,23642.080078125,23472.669921875,23525.41015625,2695000.0,2.0,1.1711400176337428,2.2138066493670783,1.7373214814506044,2.2922690501397502,57.961887845277836,55.795661067484616,17.666223075232224,38.12943799225239
2025-02-03,22796.7109375,22796.7109375,22502.19921875,22694.7109375,3428900.0,1.0,-2.123151678971058,-1.2296083673965619,-1.743466759870227,-1.3031596995894845,44.597355470840014,15.918160311648535,17.316610522515486,-1.398450210866951
2025-02-04,22836.26953125,22934.310546875,22720.619140625,22793.9609375,2990000.0,1.0,-1.3939217059910414,-0.7034940553590885,-1.2168998017051624,-0.8696303855430076,46.193661241159056,-7.588920455022162,12.335504327007957,-19.92442478203012
2025-02-05,22916.380859375,23249.330078125,22916.380859375,23161.580078125,2482200.0,2.0,0.2877043365330012,0.60289821355064,0.4010890384764876,0.7012899645440607,51.74021531730478,3.4060778597486205,10.54961903355609,-7.143541173807469
2025-02-06,23226.5,23348.419921875,23216.650390625,23316.599609375,2400700.0,2.0,0.9444237318524396,1.0484019100918118,1.0453870310937807,1.3494866258386473,53.89835342843292,24.347807489732077,13.309256724791286,11.03855076494079
2025-02-07,23289.970703125,23478.26953125,23254.169921875,23478.26953125,2672200.0,2.0,1.6858456590118864,1.3258586697908692,1.6483942651490668,2.0247552962381343,56.10308318897582,53.374423531859065,21.322290086204845,32.05213344565422
2025-02-10,23421.76953125,23448.16015625,23163.849609375,23252.140625,2706000.0,2.0,0.22254023037546755,0.2517160925957107,0.5779149407477924,1.0395691143971764,52.33320111677903,57.46904559014365,28.551641186992605,28.917404403151046
2025-02-11,23321.919921875,23485.509765625,23289.759765625,23384.05078125,2956500.0,2.0,0.280989674385812,0.7179780205336828,1.04452836731459,1.614592754241051,54.26386781901048,70.54491242395306,36.9502954343847,33.594616989568365
2025-02-12,23449.310546875,23528.609375,23289.75,23289.75,3159400.0,2.0,-0.23308658121915515,0.30190706199042516,0.6931663598757076,1.2241763571115394,52.62294480452392,72.46303736584014,44.05284382067579,28.410193545164347
2025-02-13,23263.279296875,23413.099609375,23206.44921875,23399.41015625,3604700.0,2.0,0.16560247506773873,0.7310584800036102,1.222392930043248,1.7103870169942859,54.35164946295146,81.88787094007057,51.61984924455474,30.268021695515827
2025-02-14,23198.390625,23276.240234375,23142.94921875,23152.609375,3818900.0,2.0,-0.613776251529341,-0.1711723894720074,0.20997908924758057,0.6251623721176935,49.93549316277588,68.65099308865683,55.02607801337516,13.62491507528167
2025-02-17,23258.169921875,23510.6796875,23242.83984375,23505.330078125,3408200.0,2.0,0.6814804765805427,0.9966754267625166,1.643327525456817,2.110431588274242,55.50038885151469,85.63513641061218,61.14788969282257,24.48724671778961
2025-02-18,23550.5,23666.109375,23454.08984375,23666.109375,3038600.0,2.0,1.1258027209568366,1.3078628577725349,2.1940189662897014,2.7381595089964517,57.80285880518517,110.79160131202298,71.07663201666264,39.71496929536033
2025-02-19,23589.439453125,23683.4609375,23550.990234375,23604.080078125,3534600.0,2.0,0.5905359761751328,0.8512989624581468,1.6812172851293994,2.405064174960647,56.58638949508815,124.29029399048159,81.71936441142643,42.57092957905516
2025-02-20,23530.970703125,23576.7109375,23400.75,23487.4609375,3563200.0,2.0,0.01849400388729272,0.27982266479196216,1.0287129538804285,1.82983753331305,54.27379396456363,124.1468278170214,90.20485709254542,33.94197072447598
2025-02-21,23526.130859375,23732.580078125,23488.419921875,23730.25,3518400.0,2.0,0.5576756637951874,1.2075294098047307,1.8068635024296231,2.816962802417833,58.11194335294743,141.98743534132154,100.56137274230065,41.426062599020895
2025-02-24,23573.80078125,23605.220703125,23461.4296875,23565.310546875,3211200.0,2.0,-0.19199664399217609,0.37001789033592747,0.982226707647027,2.037706241600934,54.749777160872306,141.18946565561782,108.68699132496408,32.50247433065374
2025-02-25,23376.419921875,23376.419921875,23209.529296875,23285.720703125,3717900.0,2.0,-1.057354388247278,-0.7792641977919179,-0.24529215232160784,0.7739894927898172,49.51964324059199,116.6518156522252,110.2799561904163,6.371859461808896
2025-02-26,23221.83984375,23431.240234375,23156.01953125,23402.55078125,3362900.0,2.0,-0.3903413769540953,-0.3293560756073344,0.22606247626086873,1.2432134715000709,51.60025700882193,105.41757398258778,109.3074797488506,-3.889905766262814
2025-02-27,23446.4609375,23487.73046875,23053.1796875,23053.1796875,5093000.0,2.0,-1.513293320839515,-1.6723229605344225,-1.217977307973983,-0.2757585758209169,45.55368102531452,67.54441905358544,100.95486760979756,-33.41044855621212
2025-03-03,22734.05078125,22775.01953125,22611.099609375,22756.25,3324900.0,2.0,-1.9659680418075753,-2.7744366596717085,-2.329357474593552,-1.5657266377923862,41.14117165323044,13.415283635666128,83.44695081497127,-70.03166717930515
2025-03-04,22508.80078125,22700.939453125,22359.5,22596.880859375,3100900.0,2.0,-1.8334292519538775,-3.079156051012777,-2.9930094087223136,-2.2735587989070827,38.959873672625434,-41.859671669095405,58.38562631815793,-100.24529798725334
2025-03-05,22778.859375,22948.30078125,22757.220703125,22871.900390625,3075000.0,2.0,-0.28013396563660864,-1.5642453263683742,-1.8287913425269253,-1.1249979792272269,44.4348795736847,-62.7503473019533,34.158431594135685,-96.90877889608899
2025-03-06,22930.109375,22979.970703125,22715.4296875,22715.4296875,2851500.0,2.0,-0.3653644056076155,-1.8623281945228443,-2.406953755653818,-1.833454490440345,42.12008433735367,-90.88457549946907,9.149830175414731,-100.0344056748838
2025-03-07,22696.23046875,22747.109375,22542.080078125,22576.0703125,2987500.0,2.0,-0.56042911150882,-2.078840247707514,-2.8511455426070365,-2.4244019544516493,40.11565698364944,-123.00832750037807,-17.28180135974383,-105.72652614063423
2025-03-10,22548.98046875,22641.25,22407.5703125,22459.150390625,3078100.0,2.0,-0.8158314117243548,-2.0459217829306153,-3.1418895423836024,-2.889984329798845,38.461910435117524,-156.101650300232,-45.045771147841464,-111.05587915239053
2025-03-11,22126.060546875,22140.390625,21769.5703125,22071.08984375,3604700.0,2.0,-2.074821075335198,-3.1069754775821856,-4.572425569884064,-4.486387680780501,33.522381199295594,-211.2069280246178,-78.27800252319673,-132.92892550142108
2025-03-12,22171.099609375,22391.470703125,22153.609375,22278.359375,3159800.0,2.0,-0.6318484433494254,-1.7626123980283404,-3.445470375847859,-3.520558246588279,38.0953539160272,-235.43934052349505,-109.7102701232564,-125.72907040023865
2025-03-13,22403.33984375,22552.4296875,21961.6796875,21961.6796875,3666300.0,2.0,-1.381231784670467,-2.5398036777326327,-4.543243800358365,-4.8073630004043855,34.22191357346689,-277.0039767773342,-143.16901145407195,-133.83496532326222
2025-03-14,21986.810546875,22074.029296875,21895.900390625,21968.05078125,3373300.0,2.0,-0.8109894480451518,-2.039801272772368,-4.217600285748569,-4.689880130024326,34.36650045519147,-305.903886856242,-175.71598653450596,-130.18790032173607
2025-03-17,22137.529296875,22306.830078125,22110.080078125,22118.630859375,2961500.0,2.0,0.17694531171617012,-1.087095775786251,-3.343184106108943,-3.9666874003056463,37.84401394012383,-313.0480963627233,-203.18240850014942,-109.86568786257388
2025-03-18,22204.619140625,22327.099609375,22186.419921875,22271.669921875,2652000.0,2.0,0.6871338543720462,-0.2576590073677387,-2.4113640390797997,-3.257991532363491,41.25094694984288,-302.8696675274841,-223.11986030561636,-79.74980722186777
2025-03-19,22245.419921875,22247.66015625,21942.689453125,21960.830078125,2916300.0,2.0,-0.43226987145268403,-1.246806446271831,-3.4125279314420776,-4.533138940585657,36.834668320155956,-316.2399496505568,-241.74387817460445,-74.49607147595236
2025-03-20,22171.0,22377.259765625,22171.0,22377.259765625,2626000.0,2.0,1.0748831730807762,0.7790420183032554,-1.3147580456343455,-2.6775046101515154,45.285756388265966,-289.891905591423,-251.37348365796817,-38.51842193345482
2025-03-21,22362.380859375,22366.94921875,22200.23046875,22209.099609375,3597700.0,2.0,0.09735916349993268,0.18728961086722506,-1.7794888494989558,-3.350657892296016,42.79574929774431,-279.35972506826874,-256.97073194002826,-22.388993128240486
2025-03-24,22348.380859375,22380.73046875,22106.640625,22106.640625,2651400.0,2.0,-0.35365797314412806,-0.11607647483683481,-1.8803446988412964,-3.7329039456107993,41.30550151231812,-276.09779634564256,-260.79614482115113,-15.301651524491433
2025-03-25,22269.369140625,22414.01953125,22228.6796875,22273.189453125,2553000.0,2.0,0.3956905506248942,0.5446257267502697,-0.8568277187366302,-2.944560692691467,44.67785491404604,-257.10979414734174,-260.05887468638923,2.949080539047486
2025-03-26,22327.609375,22398.119140625,22235.890625,22260.2890625,2295800.0,2.0,0.06740013517956278,0.4945889296593009,-0.687597825197539,-2.953414283758937,44.464748028435004,-240.3322190942854,-256.11354356796846,15.781324473683071
2025-03-27,22093.19921875,22093.19921875,21919.400390625,21951.759765625,2674800.0,2.0,-0.9405870791592608,-0.8938353622012007,-1.7460970515028484,-4.259635735090129,39.599818077085864,-249.06059030948018,-254.70295291627082,5.642362606790641
2025-03-28,21836.16015625,21836.16015625,21525.05078125,21602.890625,3242700.0,2.0,-1.9786024468536056,-2.307828591375116,-2.9927467505160177,-5.678236244723955,34.9441116304574,-280.8907773762585,-259.94051780826834,-20.950259567990145
2025-03-31,21254.630859375,21254.630859375,20695.900390625,20695.900390625,4034100.0,2.0,-4.876200466222647,-5.803355653908071,-6.633653901253622,-9.478608563708269,26.290221418935612,-374.9804209556314,-282.94849843774097,-92.03192251789045
2025-04-01,20884.529296875,21315.51953125,20884.529296875,21280.169921875,2753300.0,2.0,-1.2896809847803614,-2.705003376788162,-3.711830017867912,-6.791268439360132,37.09716550396271,-397.8157013701748,-305.92193902422775,-91.89376234594704
2025-04-02,21313.76953125,21390.51953125,21235.990234375,21298.220703125,2300200.0,2.0,-0.31624191551263836,-2.326570416109186,-3.2858245653180185,-6.579305426668503,37.402518444197334,-409.7331299556972,-326.6841772105216,-83.0489527451756
2025-04-07,20153.5703125,20153.5703125,19212.01953125,19232.349609375,1558900.0,2.0,-7.634059156447314,-10.509962354334235,-11.970686226704096,-15.390770530736086,23.401341507743034,-579.1996569249168,-377.18727315340067,-202.0123837715161
2025-04-08,19064.470703125,19064.470703125,18180.48046875,18459.94921875,5839900.0,2.0,-8.583872906287427,-12.578943072784899,-14.70257138225639,-18.50615966299889,20.336157542286127,-766.9879966010849,-455.1474178429375,-311.8405787581474
2025-04-09,18337.439453125,18371.51953125,17306.970703125,17391.759765625,6177900.0,1.0,-10.95984226921276,-15.756568527233572,-18.686357894788365,-22.901692252849458,17.016607267510167,-990.5867034730036,-562.2352749689508,-428.3514285040528
2025-04-10,18256.470703125,19024.470703125,18256.470703125,19000.029296875,2659600.0,2.0,-0.4006635140303638,-6.483639435038624,-10.524670684640514,-15.533026934954929,34.38339009875636,-1026.1871328202542,-655.0256465392115,-371.1614862810427
2025-04-11,18772.5,19528.76953125,18418.19921875,19528.76953125,4766500.0,2.0,4.306021998889498,-2.57137161298604,-7.435433603591857,-12.96450837230514,38.90993645132326,-1000.2060586798361,-724.0617289673364,-276.1443297124997
2025-04-14,19686.6796875,20023.630859375,19508.9296875,19513.08984375,4176300.0,2.0,3.9106516888860243,-1.4505985256980103,-6.96989599532194,-12.772978221234121,38.824402665882644,-969.7029579011032,-773.1899747540898,-196.51298314701341
2025-04-15,19609.900390625,19895.4296875,19576.150390625,19857.669921875,2866400.0,2.0,4.19453872484572,1.1815019516182135,-4.848405900343378,-10.981044967883946,41.84969014702965,-907.265901681003,-800.0051601394724,-107.26074154153059
2025-04-16,19737.08984375,19737.08984375,19453.140625,19468.0,2805300.0,2.0,-0.028303671313134604,-0.17946356892756254,-6.11939177206583,-12.470255930129326,39.47244555187046,-879.0935476788618,-815.8228376473503,-63.2707100315115
2025-04-17,19389.51953125,19478.0,19196.470703125,19338.73046875,2300500.0,2.0,-1.0363792701757468,0.1547146631534435,-6.078578736648876,-12.806941999043397,38.687328631047436,-857.31512982614,-824.1212960831083,-33.193833743031746
2025-04-18,19423.98046875,19499.279296875,19376.349609375,19395.029296875,2123700.0,2.0,-0.612234930229183,1.4461963878664719,-5.214585422679219,-12.31478777397541,39.25401885210127,-825.9912192383854,-824.4952807141638,-1.4959385242216285
2025-04-21,19321.140625,19359.9609375,19080.599609375,19106.19921875,2325500.0,1.0,-1.6823158877273148,0.0014475223467425025,-5.873775756981958,-13.399897296370156,37.34689989344761,-815.0772645344332,-822.6116774782176,7.534412943784446
2025-04-22,18990.859375,19059.650390625,18793.4296875,18793.4296875,2526000.0,1.0,-2.2208214302314233,-1.8069707095397902,-6.629040639057793,-14.559104112643539,35.34436302362554,-822.1880915238253,-822.5269602873392,0.33886876351391493
2025-04-23,19163.609375,19639.140625,19163.609375,19639.140625,2694600.0,1.0,1.9976350908933904,1.4208413089179306,-1.8255433997335757,-10.519275928228566,44.076186258547054,-750.9254670394585,-808.2066616377631,57.28119459830464
2025-04-24,19752.58984375,19752.58984375,19433.369140625,19478.810546875,2418200.0,1.0,1.017961619063379,0.34475593799188076,-1.9421415283933818,-11.010132798464323,42.8935047302272,-699.3252350911425,-786.430376328439,87.1051412372965
2025-04-25,19861.240234375,20012.26953125,19861.240234375,19872.73046875,2674500.0,1.0,2.552723572578919,2.192951016737621,0.6457205821599477,-8.983502085427652,46.67913841092074,-619.5043731576625,-753.0451756942837,133.5408025366212
2025-04-28,19972.0703125,20073.75,19972.0703125,20034.41015625,2131000.0,1.0,2.4060160194211644,2.7489163407061756,1.9595860308515123,-8.016053796094546,48.19702722891006,-537.0092569914559,-709.8379919537181,172.82873496226216
2025-04-29,20018.3203125,20232.630859375,20007.30078125,20232.630859375,2538500.0,1.0,1.9196809977435114,3.566353889644236,3.3286596358485854,-6.887408831679243,50.07354119593167,-450.4440898656103,-657.9592115360965,207.51512167048622
2025-04-30,20215.390625,20331.890625,20185.310546875,20235.029296875,2806300.0,1.0,1.3234725701680938,3.1735455171428617,3.462667672259312,-6.640753064322446,50.097096407584665,-377.2977834010235,-601.8269259090819,224.52914250805838
2025-05-02,20534.080078125,20787.640625,20534.080078125,20787.640625,2779300.0,2.0,2.743865885564234,5.213894886027592,6.422198569338433,-3.9502931690536425,55.32682475440749,-271.6067788458495,-535.7828964964353,264.17611765058587
2025-05-05,20839.0390625,20885.5390625,20320.80078125,20532.990234375,3929000.0,1.0,0.827173106101653,3.32987284917472,5.324827344464111,-4.9614345962093465,52.591684251426976,-206.01919357361112,-469.8301559118705,263.8109623382594
2025-05-06,20353.880859375,20623.849609375,20349.560546875,20522.58984375,3091500.0,1.0,0.2952455856481073,2.5466003665948422,4.924265826082208,-4.815798030637419,52.477578464934496,-153.11477252899567,-406.48707923529554,253.37230670629987
2025-05-07,20575.150390625,20685.279296875,20418.029296875,20546.490234375,2681400.0,1.0,0.10495611219478729,1.774517410690546,4.489130287358889,-4.5004539362105795,52.7313854056836,-108.01395824157225,-346.7924550365509,238.77849679497865
2025-05-08,20559.650390625,20747.279296875,20543.400390625,20543.400390625,2348100.0,1.0,-0.20995127050137397,1.3054509759435895,3.642840716475071,-4.29723210263303,52.69220512811026,-71.69411739539646,-291.77278750832,220.07867011292353
2025-05-09,20690.80078125,20915.0390625,20643.560546875,20915.0390625,2744700.0,1.0,1.4697050793942568,2.412774580354604,5.010511053507294,-2.388804865061922,56.84550623402905,-12.774984874657093,-235.9732269815874,223.1982421069303
2025-05-12,20996.94921875,21176.130859375,20996.94921875,21129.5390625,2687300.0,1.0,1.9204063338818411,2.8302694464936495,5.662860615844445,-1.2144911864515717,59.078577168629586,50.6434236230707,-178.6498968606558,229.2933204837265
2025-05-13,21474.01953125,21626.279296875,21330.140625,21330.140625,3601900.0,1.0,2.0926644564883246,3.1560394359254174,6.183590725129218,-0.12412794174209152,61.10558503531615,115.75548172102572,-119.76882114431949,235.5243028653452
2025-05-14,21552.419921875,21782.869140625,21552.419921875,21782.869140625,3656500.0,2.0,3.040044822783372,4.561588699742503,7.920174307542793,2.1245546299315077,65.28495367362575,201.5651469277327,-55.50202752990904,257.0671744576417
2025-05-15,21776.650390625,21821.009765625,21674.3203125,21730.25,3543000.0,2.0,1.6497780703352394,3.5656834120267433,7.059518561219513,1.9912142475588812,64.41854078648753,262.300364610448,8.058450898162363,254.24191371228565
2025-05-16,21731.880859375,21854.5,21697.849609375,21843.689453125,3714600.0,2.0,1.3003196512187065,3.584979184261017,6.958403150606984,2.657079746143376,65.48209893523438,315.9450600286982,69.63577272426953,246.30928730442866
2025-05-19,21786.330078125,21786.330078125,21496.689453125,21523.830078125,3401200.0,2.0,-0.5467374970351879,1.5908327210876427,4.845757412225571,1.3238814730194726,60.03320150794592,328.85801871788135,121.48022192299189,207.37779679488946
2025-05-20,21631.609375,21746.560546875,21517.099609375,21526.029296875,2908900.0,2.0,-0.7163041710670948,1.1222818103083787,4.242101069484083,1.4997206300240817,60.05781152565399,335.4027756684627,164.26473267208604,171.13804299637667
2025-05-21,21603.580078125,21879.240234375,21603.580078125,21803.91015625,3078500.0,2.0,0.5458399909199274,1.8261934746766517,4.823678999672265,2.946189717085068,63.14579193125145,358.87531447540096,203.18684903274902,155.68846544265193
2025-05-22,21733.8203125,21733.8203125,21585.310546875,21670.9609375,3137400.0,2.0,-0.012563839525214782,0.6751727347067193,3.6781477024225184,2.4845494130524726,60.726797344220785,362.5700973500643,235.0634986962121,127.50659865385222
2025-05-23,21766.240234375,21798.880859375,21559.779296875,21652.240234375,3065000.0,2.0,0.07786358612420496,0.24488860072993113,3.0528066541903875,2.550648608510264,60.37606458340349,359.83962787323253,260.01872453161616,99.82090334161637
2025-05-26,21577.640625,21688.44921875,21536.5703125,21536.5703125,3105400.0,2.0,-0.46849129238621945,-0.4781814996140943,2.0980257430870397,2.1438396800128157,58.14163751033945,344.3724044255905,276.889460510411,67.48294391517948
2025-05-27,21491.650390625,21558.470703125,21310.0,21336.5390625,3512400.0,1.0,-1.2199284242637387,-1.4054534333639568,0.8385042763172423,1.3606634373747761,54.39273319766072,312.37282873954246,283.9861341562373,28.386694583305143
2025-05-28,21539.150390625,21634.369140625,21305.73046875,21357.720703125,3647300.0,1.0,-0.7116681034445294,-1.1133039304691672,0.6709628093248154,1.597672824282137,54.72563480798915,285.4318353175404,284.2752743884979,1.1565609290424845
2025-05-29,21531.2890625,21605.259765625,21347.30078125,21347.30078125,5081700.0,1.0,-0.46056651903985113,-0.9859903170657991,0.3587692921311447,1.6616669986357246,54.5148273160677,260.2402161015307,279.46826273110446,-19.228046629573782
2025-06-02,21253.970703125,21256.099609375,20940.98046875,21002.7109375,3805400.0,1.0,-1.4705148532810242,-2.202808396085709,-1.3111220366832321,0.14735385082553787,47.93824769935251,210.0488435265761,265.58437889019876,-55.53553536362267
2025-06-03,21126.69921875,21303.2109375,21110.630859375,21126.9296875,3739600.0,1.0,-0.5053656061650869,-1.4422476579113996,-0.8657689679544167,0.8795625168931176,50.267390180680295,178.24058759432592,248.1156206310242,-69.87503303669828
2025-06-04,21341.439453125,21618.08984375,21341.439453125,21618.08984375,4061200.0,1.0,1.538426424472461,0.8057364558055058,1.178858179707798,3.3150403898462244,58.225488688588456,190.46922475459724,236.58634145573882,-46.11711670114158
2025-06-05,21695.9296875,21738.9296875,21626.740234375,21674.4296875,3521900.0,1.0,1.501072952815763,1.1295097251318387,1.1754880523083377,3.658739009298051,59.03524732792342,202.37382288865774,229.7438377423226,-27.370014853664856
2025-06-06,21637.76953125,21702.4609375,21606.69921875,21660.66015625,2964300.0,1.0,1.1397537580615236,1.070120854997958,0.8482339498017799,3.6588612835506407,58.735583927068305,208.29610870151373,225.45429193416084,-17.158183232647104
2025-06-09,21773.44921875,21866.26953125,21717.51953125,21790.2890625,3035200.0,1.0,1.0021719495421522,1.6095268961152431,1.24547521225844,4.302571233858532,60.75521328056689,220.90309884034286,224.54405331539724,-3.6409544750543716
2025-06-10,21921.240234375,22294.859375,21921.240234375,22242.140625,3534000.0,2.0,2.0416399584864964,3.376419126431651,3.078504684012806,6.468504606733538,66.84643988495866,264.3080949737232,232.49686164706242,31.811233326660783
2025-06-11,22376.369140625,22470.099609375,22294.599609375,22470.099609375,3669800.0,2.0,2.2878126145767785,3.888580410430964,3.860605087012403,7.516086562783242,69.42476782598226,313.48756255003536,248.695001827657,64.79256072237837
2025-06-12,22362.669921875,22390.169921875,22253.640625,22287.8203125,3060300.0,2.0,0.8945973413658326,2.6046037022023683,2.8979989010977647,6.616719076083433,65.06728217535573,333.90517799386726,265.73703706089907,68.16814093296819
2025-06-13,22215.5,22228.009765625,21984.359375,22072.94921875,3285000.0,2.0,-0.4497004325551668,1.277092273012248,1.8254335441045377,5.592700704790832,60.26536511183613,328.95598400548624,278.3808264498165,50.57515755566976
2025-06-16,22058.5703125,22094.599609375,21936.380859375,22049.900390625,2521300.0,2.0,-0.7859839180749506,0.6875531139141744,1.6707476629630902,5.501093982115046,59.75593039370093,319.4909712695153,286.60285541375623,32.888115855759054
2025-06-17,22172.58984375,22331.689453125,22118.4609375,22211.58984375,3044000.0,2.0,-0.030974368033576116,0.9260034973400666,2.25415275820926,6.253474582936769,62.171697828403474,321.3327442040718,293.54883317181935,27.783911032252433
2025-06-18,22135.830078125,22370.25,22104.6796875,22356.73046875,3214600.0,2.0,0.7250580561921183,1.2456922150401395,2.7259031720939575,6.949533599140367,64.24644166073777,330.6919865977652,300.9774638570085,29.714522740756706
2025-06-19,22238.099609375,22249.400390625,21973.0390625,22003.5,3057900.0,2.0,-0.6117457347792121,-0.502238926426013,1.0565221196233487,5.277016455445982,56.17185579723324,306.0782275860147,301.9976166028097,4.080610983204963
2025-06-20,21960.509765625,22089.48046875,21779.55078125,22045.740234375,4418300.0,2.0,-0.39646682223313245,-0.48451845829924345,1.1634562099555934,5.484239987746076,56.86993410811929,286.6754638365128,298.93318604955033,-12.257722213037539
2025-06-23,21750.69921875,21801.3203125,21551.580078125,21732.01953125,3015300.0,1.0,-1.5310275042994093,-1.8748580997489994,-0.29439549949942245,4.028047036693705,50.44366065125181,243.18075849759407,287.78270053915907,-44.601942041564996
2025-06-24,22001.48046875,22201.05078125,22001.48046875,22188.759765625,3767600.0,1.0,0.5592921282689955,0.21158439421620212,1.6490317175334113,6.220458401305606,57.9020959275291,242.76753787168855,278.779668005665,-36.01213013397643
2025-06-25,22341.869140625,22444.509765625,22284.51953125,22430.609375,3405900.0,1.0,1.5873260742365058,1.3219259391335614,2.5001022482179724,7.337215263302932,61.22953646857987,258.97005422180155,274.81774524889227,-15.847691027090718
2025-06-26,22425.390625,22587.669921875,22391.26953125,22492.33984375,3685100.0,1.0,1.417835693932834,1.5069940410174398,2.5164246828964787,7.556315793253798,62.05396887784139,273.6374756018413,274.58169131948205,-0.9442157176407591
2025-06-27,22503.849609375,22580.080078125,22388.58984375,22580.080078125,3454100.0,1.0,1.3252031280483578,1.6702733330443031,2.628006889489143,7.813981366750222,63.250140898474484,289.00989024458613,277.4673311045029,11.542559140083256
2025-06-30,22508.330078125,22558.94921875,22256.01953125,22256.01953125,3443500.0,1.0,-0.5964484217132582,0.11822299946713244,0.8678391325955825,6.184217345318532,56.203203617139785,271.9092610516418,276.35571709393065,-4.446456042288844
2025-07-01,22419.740234375,22730.759765625,22401.580078125,22553.720703125,3676400.0,1.0,0.405861226891191,1.3015153401789714,1.8876430234761932,7.497240979040165,60.5514037927786,279.160892790198,276.9167522331841,2.24414055701385
2025-07-02,22463.55078125,22577.740234375,22396.259765625,22577.740234375,2897200.0,1.0,0.38129215814755035,1.3088334018041436,1.7755402135900988,7.326503553071495,60.88879753275589,283.57713789544505,278.2488293656363,5.328308529808737
2025-07-03,22707.41015625,22816.19921875,22700.859375,22712.970703125,3368000.0,2.0,0.7848048423404919,1.5922114019099265,2.1460305563559823,7.606753731009763,62.81696609988969,294.5931264349383,281.5176887794967,13.07543765544159
2025-07-04,22756.55078125,22842.75,22500.970703125,22547.5,3270200.0,1.0,0.07949441351877695,0.6262459115074392,1.2000561564093681,6.38969005208172,58.9850414428591,286.66675793100876,282.54750260979915,4.119255321209607
2025-07-07,22550.140625,22550.5,22294.109375,22428.720703125,2570300.0,1.0,-0.6001107191457522,-0.214110958558289,0.5229154528505475,5.544646927912011,56.328757499909386,267.7145109714511,279.58090428212955,-11.866393310678461
2025-07-08,22375.650390625,22375.650390625,22190.4609375,22362.26953125,2661400.0,1.0,-0.7261469557765299,-0.5864958800268383,0.19811551372719283,4.998603340763164,54.84082521620913,244.5140586345151,272.56753515260664,-28.053476518091543
2025-07-09,22253.169921875,22527.009765625,22211.099609375,22527.009765625,2907300.0,1.0,0.050256611807419915,0.10297202267051109,0.9233958237123918,5.523232271184564,57.81580794878541,236.6922521823908,265.3924785585635,-28.70022637617268
2025-07-10,22566.509765625,22699.2890625,22513.349609375,22693.25,2829400.0,1.0,0.8062456272835306,0.7517422097083726,1.5759200982249588,6.067141390084285,60.63406237925053,241.12803787879238,260.53959042260925,-19.411552543816867
2025-07-11,22602.810546875,22770.009765625,22601.94921875,22751.029296875,4446700.0,1.0,0.8804958481603897,0.9316624607644597,1.6802370355183172,6.06594033400325,61.594447177689794,246.46464536453277,257.72460141099396,-11.259956046461184
2025-07-14,22679.1796875,22735.23046875,22525.66015625,22614.970703125,2557300.0,1.0,0.11184228739975488,0.16854620628901085,0.9446908183861735,5.16392037071427,58.00577086055488,236.98335719393435,253.57635256758203,-16.592995373647682
2025-07-15,22618.4296875,22888.23046875,22588.259765625,22835.939453125,2696000.0,1.0,0.6678569557746483,1.0210041329700825,1.789175751990424,5.909027399116851,61.889321496440175,244.4814692290056,251.75737589986676,-7.275906670861161
2025-07-16,22967.509765625,23106.4296875,22923.119140625,23042.900390625,3171200.0,1.0,1.1202681308115858,1.7272217757188457,2.55485164424869,6.544664987196991,65.14092391693902,264.0796492367772,254.22183056724884,9.857818669528342
2025-07-17,23042.970703125,23159.5390625,22923.369140625,23113.279296875,3078000.0,1.0,1.0565732917172221,1.8579155635680467,2.6146637346710744,6.5154910633902,66.19711698631548,282.0391657045584,259.78529759471076,22.253868109847645
2025-07-18,23345.720703125,23468.2109375,23276.01953125,23383.130859375,2995200.0,1.0,1.6744324708454883,2.669041434781172,3.5054243059216894,7.450090096224349,69.95594993706885,314.42251076387765,270.71274022854413,43.70977053533352
2025-07-21,23314.2890625,23403.830078125,23243.7890625,23340.560546875,2784300.0,1.0,0.8529449716814463,2.0734608764269025,2.9504725139424037,6.938192485000627,68.65888237830974,332.81499252529466,283.1331906878942,49.68180183740043
2025-07-22,23301.66015625,23486.080078125,22985.900390625,22987.919921875,3764700.0,1.0,-0.8010780201417989,0.25697108878268704,1.2166553600926555,5.07257305735922,58.914191851396424,315.3014170674287,289.5668359638011,25.73458110362759
2025-07-23,23063.5703125,23318.669921875,23063.5703125,23318.669921875,3346500.0,1.0,0.38726991008553036,1.3495421398678875,2.472617424393242,6.318354798310799,64.06568250151902,324.3713916566485,296.5277471023706,27.843644554277887
2025-07-24,23373.669921875,23455.08984375,23295.310546875,23373.73046875,3659600.0,1.0,0.3991620375787708,1.289281658582908,2.5160442404228878,6.315630801093741,64.85567263785369,332.1732513657953,303.6568479550555,28.51640341073977
2025-07-25,23454.58984375,23485.560546875,23308.44921875,23364.380859375,2946900.0,1.0,0.37516999289837205,0.9803658313887853,2.2990877342500493,6.021587506378534,64.5959825305705,333.7545315710704,309.6763846782585,24.0781468928119
2025-07-28,23477.099609375,23564.439453125,23350.73046875,23412.98046875,3255000.0,1.0,0.5214088882507628,0.8426080348656217,2.2528880002886886,6.031592243797368,65.37215266433937,335.06684778949057,314.7544773005049,20.312370488985664
2025-07-29,23414.359375,23422.169921875,23094.669921875,23201.51953125,3565200.0,1.0,-0.5688491517701566,-0.2252855608396831,1.1862256835038165,4.862725106254273,59.28224025387738,315.4079113761218,314.8851641156283,0.5227472604934746
2025-07-30,23288.720703125,23461.720703125,23264.640625,23461.720703125,3352200.0,1.0,0.4231257207743866,0.7122808481659471,2.124157474070665,5.804494750263589,63.75641724792088,317.1680072545241,315.3417327434075,1.826274511116651
2025-07-31,23523.58984375,23631.109375,23454.439453125,23542.51953125,3757100.0,1.0,0.6235742008587675,0.8732540116671128,2.2911790093341544,5.930331377473075,65.04101910602428,321.37804008940293,316.54899421260654,4.8290458767963855
2025-08-01,23318.369140625,23484.2109375,23168.26953125,23434.380859375,3402400.0,1.0,0.101478031525426,0.3878649990380012,1.6255166037286717,5.215649321477733,61.87985277028254,312.3876242966253,315.71672022941027,-3.3290959327849805
2025-08-04,23260.1796875,23378.939453125,23151.650390625,23378.939453125,3191500.0,1.0,-0.10629276218627748,0.13390318171220272,1.1766292765597264,4.773553795600627,60.262716546513,297.3612020310975,312.04561658974774,-14.684414558650246
2025-08-05,23498.400390625,23671.83984375,23498.400390625,23660.58984375,3421400.0,0.0,0.7020870054409878,1.0491021821676716,2.10866286697462,5.83569780792681,65.23344257297155,304.6674698554707,310.56998724289235,-5.902517387421653
2025-08-06,23443.359375,23557.490234375,23433.529296875,23447.359375,3264600.0,1.0,-0.19324439413342942,0.08343615500132628,0.9879012561662792,4.7166147492353705,59.19619441972054,289.90992184202696,306.4379741627193,-16.528052320692325
2025-08-07,23717.349609375,24050.5390625,23717.349609375,24003.76953125,3487700.0,0.0,1.7755419971837272,2.1836342989694613,3.093411773801935,7.0246367298407275,67.61796393581446,319.4299189472549,309.0363631196264,10.393555827628518
2025-08-08,24026.650390625,24131.4609375,23967.990234375,24021.259765625,3790600.0,0.0,1.3453337746127891,1.9729407267930377,2.8878782645074486,6.920590408345739,67.84264592158505,340.31312718271874,315.29171593224487,25.021411250473875
2025-08-11,23980.390625,24249.05078125,23887.25,24135.5,3851900.0,2.0,1.1813863159077842,2.144607797553344,3.0416507829171824,7.246745042729286,69.33907945190826,361.90958393064284,324.6152895319245,37.294294398718364
2025-08-12,24182.83984375,24263.919921875,24065.4296875,24158.359375,4193700.0,2.0,0.8562920228774251,1.828998004200777,2.8489118139562564,7.139281804047304,69.64348945644612,376.529098944764,334.99805141449235,41.53104753027162
2025-08-13,24232.0390625,24406.939453125,24172.189453125,24370.01953125,4867300.0,2.0,0.9621343588349207,2.329387032172714,3.457744557738085,7.8512513384074945,72.37804981133036,400.57677589093146,348.1137963097802,52.462979581151274
2025-08-14,24258.5,24389.509765625,24198.880859375,24238.099609375,4491700.0,2.0,0.2210160506977088,1.479063943557657,2.6526138789772835,7.0751826119736405,68.25135009620541,404.32904439273625,359.3568459263714,44.97219846636483
2025-08-15,24266.23046875,24385.560546875,24164.4296875,24334.48046875,4491700.0,2.0,0.3595810724158266,1.5000842884029808,2.853598358513465,7.2905533328517125,69.61445149544745,410.34961910192214,369.5554005614816,40.79421854044057
2025-08-18,24272.55078125,24515.650390625,24257.30078125,24482.51953125,4745200.0,2.0,0.681934051194677,1.6496599530368306,3.2301800985985674,7.719224203312303,71.62930333983829,422.19962855667836,380.08424616052093,42.11538239615743
2025-08-19,24493.919921875,24551.419921875,24324.2890625,24353.5,4734800.0,2.0,-0.009130618086705677,0.8239184858998438,2.3913890075830446,6.930674661211178,67.43258646069872,416.38027588097975,387.3434521046127,29.036823776367044
2025-08-20,24309.26953125,24309.26953125,23620.240234375,23625.439453125,4336000.0,1.0,-2.40167296687005,-2.2623225458051843,-0.7336704745037115,3.560462061645908,49.72707189973901,348.99697559083506,379.6741568018572,-30.677181211022116
2025-08-21,23739.830078125,24011.5,23739.830078125,23962.130859375,3924400.0,1.0,-0.7845571009649777,-0.8523621507953383,0.55669472606239,4.83685135327292,55.540739380313234,319.08519180977237,367.5563638034402,-48.47117199366784
2025-08-22,24033.01953125,24071.650390625,23764.470703125,23764.470703125,3633100.0,1.0,-1.1363084028778059,-1.565629086614273,-0.35643223224053333,3.7891325026317313,51.756710361700854,276.24597334244754,349.2942857112417,-73.04831236879414
2025-08-25,24108.810546875,24362.01953125,24108.75,24277.380859375,3818800.0,1.0,1.1701518848971748,0.4998245621794073,1.610043834203445,5.777086154722055,59.47278484218204,280.45029073024125,335.5254867150416,-55.07519598480036
2025-08-26,24237.359375,24382.419921875,24113.029296875,24305.099609375,5104500.0,1.0,1.3265376330427792,0.553488927118595,1.4916673279607107,5.6540192131513844,59.84655049024698,282.759439216632,324.97227721535967,-42.21283799872765
2025-08-27,24449.810546875,24539.880859375,24410.080078125,24519.900390625,4022200.0,2.0,1.4653103053274164,1.3792858459309887,2.162906058479974,6.3641406371743425,62.716143759529494,298.48137640150526,319.67409705258876,-21.192720651083505
2025-08-28,24468.119140625,24502.369140625,24236.44921875,24236.44921875,4093700.0,1.0,0.06518840691436267,0.20802044223713345,0.8361254970780108,4.940187204020252,56.93391080425173,284.7861467939074,312.6965070008525,-27.910360206945086
2025-08-29,24438.029296875,24570.150390625,24233.099609375,24233.099609375,4230800.0,1.0,-0.33431372000899406,0.2361870791033116,0.6549470819002368,4.731262933809255,56.86718734160958,270.5436345666567,304.26593251401334,-33.72229794735665
2025-09-01,24143.369140625,24312.830078125,23885.41015625,24071.73046875,3978800.0,1.0,-0.8302363382667766,-0.2618183450812439,-0.1589686824854386,3.863171708457691,53.60772517746673,243.42910083941752,292.0985661790942,-48.66946533967666
2025-09-02,24113.900390625,24295.029296875,23890.330078125,24016.779296875,3621600.0,1.0,-0.8210102881964554,-0.3504745888499805,-0.46041402737745374,3.493994608984563,52.50410754111211,215.02783021022333,276.68441898532,-61.65658877509668
2025-09-03,24036.880859375,24103.23046875,23925.490234375,24100.30078125,3208300.0,1.0,-0.12999966978044508,-0.20056288697003488,-0.24922346745481772,3.7324563911857345,54.05242419647841,196.98834536301365,260.7452042608587,-63.75685889784506
2025-09-04,24235.26953125,24389.349609375,24168.16015625,24179.849609375,4098500.0,1.0,0.24666993402762127,0.03865684345358833,0.043572400944902334,3.933783228807286,55.53905354360178,186.95573987317402,245.98731138332178,-59.03157151014776
2025-09-05,24244.259765625,24494.580078125,24244.259765625,24494.580078125,3935800.0,1.0,1.3318029147063815,1.0355885493775752,1.2466242261661487,5.104269929137639,60.92572745745669,202.07159074440278,237.20416725553798,-35.1325765111352
2025-09-08,24610.849609375,24729.9609375,24547.380859375,24547.380859375,4221200.0,1.0,1.152156299331586,1.1407415312851388,1.3785750153972431,5.14303981600146,61.76270798383805,215.82371183161376,232.92807617075314,-17.10436433913938
2025-09-09,24650.4609375,24880.0703125,24650.4609375,24855.1796875,4235300.0,1.0,1.7176738855722462,2.177361793835897,2.502266819773724,6.260889376746714,66.29511220014146,248.6923888662459,236.0809387098517,12.611450156394199
2025-09-10,25032.880859375,25272.23046875,25032.880859375,25192.58984375,4503300.0,1.0,2.1849422533264162,3.2788203771597635,3.7178205009507526,7.486194197844842,70.43254810009125,298.5260099604311,248.56995295996757,49.956057000463545
2025-09-11,25509.30078125,25541.439453125,25174.130859375,25215.7109375,5159400.0,1.0,1.4264164635039434,2.9602674680182517,3.6045150578867924,7.339657761724228,70.69799074794096,336.01185721416186,266.0583338108064,69.95352340335546
2025-09-12,25349.69921875,25492.279296875,25349.69921875,25474.640625,4362700.0,1.0,1.666354956742011,3.4928734496440628,4.423794583668594,8.178715414455384,73.56062665967976,382.20727549313233,289.28812214727157,92.91915334586076
2025-09-15,25494.099609375,25519.939453125,25284.169921875,25357.16015625,3734300.0,1.0,0.5476172656143641,2.480429295998987,3.756230487890244,7.4042635250326505,70.20918876489934,404.6729672302936,312.36509116387595,92.30787606641763
2025-09-16,25335.4609375,25664.810546875,25335.4609375,25629.640625,4224500.0,1.0,1.0076957006900589,2.9108449731912067,4.598073948057735,8.295341141154356,73.25298431891876,439.3989686086388,337.7718666528285,101.6271019558103
2025-09-17,25543.91015625,25632.0703125,25422.9609375,25438.25,4404600.0,1.0,0.05966834455268799,1.5965484588806422,3.4343619165971395,7.259456362667538,67.99768740765677,446.33092588673026,359.48367849960886,86.8472473871214
2025-09-18,25543.169921875,25769.359375,25475.25,25769.359375,4746200.0,0.0,0.922499295281809,2.269714490879604,4.397110361446299,8.405918406663048,71.7708478283157,473.08883770418834,382.20471034052474,90.8841273636636
2025-09-19,25794.66015625,25864.009765625,25578.369140625,25578.369140625,6041400.0,1.0,0.09318605019412729,1.0769891199717385,3.2440250426335693,7.376739175073066,66.8730652187301,473.4259996314977,400.44896819871934,72.97703143277835
2025-09-22,25599.599609375,25887.689453125,25599.599609375,25880.599609375,4316700.0,0.0,0.8626749156432023,1.735315878773469,4.127028706277436,8.370663300556958,70.32422640712936,492.4045428123645,418.8400831214484,73.56445969091612
2025-09-23,26121.0,26307.30078125,26041.689453125,26247.369140625,4775000.0,2.0,1.801898465426488,2.6154920071050913,5.191667685845713,9.623865590095004,73.88045224505564,530.9202923237281,441.25612496190433,89.66416736182373
2025-09-24,26389.16015625,26394.029296875,26045.470703125,26196.73046875,4309500.0,2.0,1.0111822785187297,2.0170249531682227,4.637129736394474,9.137435344160206,72.5870893251171,551.0065234742397,463.2062046643714,87.80031880986826
2025-09-25,26067.970703125,26247.849609375,26023.849609375,26023.849609375,5318500.0,2.0,0.14802943156957404,1.0258418858699603,3.5768574889625926,8.168533583451666,68.19764516217789,546.6732568360458,479.89961509870625,66.77364173733952
2025-09-26,25998.279296875,25998.279296875,25469.0390625,25580.3203125,4370400.0,1.0,-1.5602903277260327,-0.736683418212758,1.5393489355796763,6.102077360225389,58.43469617906729,501.66709824531426,484.2531117280279,17.41398651728639
2025-09-30,25738.310546875,25975.83984375,25738.310546875,25820.5390625,3601000.0,0.0,-0.5899132282382924,0.015634682073439876,2.138370086019914,6.847923697221137,61.63789124833856,479.8516082013448,483.3728110226913,-3.521202821346492
2025-10-01,26078.2890625,26325.7890625,25982.91015625,25982.91015625,4127200.0,0.0,0.2393447232364787,0.5070452278794768,2.3825254268280416,7.252012816924247,63.675578956819734,470.24398549508624,480.7470459171703,-10.503060422084047
2025-10-02,26392.310546875,26489.7890625,26330.25,26378.390625,4331900.0,0.0,1.6226274027362653,1.6671143138291766,3.476438429045703,8.596733782848842,68.1176588526246,488.90603945177645,482.3788446240915,6.527194827684923
2025-10-03,26435.099609375,26761.060546875,26410.029296875,26761.060546875,3947400.0,0.0,2.514557956484298,2.749265879983276,4.4487674294448665,9.8654935019167,71.72122300863444,528.4821035337809,491.5994964060294,36.8826071277515
,,,,,,,,,,,,,,
